texts,labels
パニーニを焼くのに購入,目的
ホットヨガで利用するために購入しました,非目的
細く柔らかく持ち運びに便利です,非目的
フィット感が良く履き心地もすごく良かったです,非目的
動画を見るのに購入,目的
お釜を洗う時間が短縮出来て効率的でした,目的
おもちゃもかわいいです,非目的
子供の砂遊びの玩具や自転車を洗うには便利と思います,目的
焚き火をしたりハクキンカイロに点火したりするのに買いました,目的
迅速な発送で商品もいい感じだそうです,非目的
タイ旅行にいくために購入しました,目的
カバンにワッペンを取り付けるのに使用しましたが,目的
長財布スマホミニタオルティッシュ鍵など必要な貴重品は全て問題なく入りおまけに軽い♪生地は撥水加工してあるような感じで裏地のペイズリー柄もさりげないしファスナーはダブルで使いやすいです,非目的
写真では横なので全部取って自分で縫い直しました,非目的
制服のスカートがチェックなので合わせたみたいにかわいいです,非目的
小物やアクセサリーを置くのに購入,目的
欠点は中身が均一でなく表面が少しボコボコしていて安っぽい感じです,非目的
ポール筋トレで使っています,目的
取り寄せに時間かかりましたが値段の割に良いクオリティーです,非目的
足を痛めた老犬用に購入,目的
ただ少し大きいかなと,非目的
０歳になる息子の合宿に使うのに購入しました,非目的
細かい作業をするために購入,目的
普段家で着るのに購入しました,非目的
チーズフォンデュを作る際の小鍋を温めるために購入,非目的
学校で使うために購入しました,非目的
店舗で使用する為に購入しました,目的
ノーマルと抹茶を０個づつ購入,非目的
今はクリームを立てたりするのに使っています,非目的
今使っているｂ型ベビーカーが重いので車に積んで出かけるのに便利な軽いバギーを買うことにしました,非目的
ぴったりでした,非目的
気軽に音楽を集中して楽しむのにおすすめ,目的
ふだんお花は深みのある赤が好きな母ですが家のブリザーブドフラワーがみんな赤だったので元気がわいてきそうで私の好みのイエローにしましたが,目的
タトゥーを隠すのに買いましたがその日にひび割れ次の日にはひび割れからタトゥーが見えるしはがれてくるし全然つかえない,非目的
大きめの家具を動かすのにとても便利,目的
いろんな種類の花火が入っててすごく楽しみです,目的
海外で使うのに購入しました,非目的
スキー板を担ぐ時に板がばらけるのを防ぐために購入しました,目的
頼んですぐに届きました,非目的
今は０．０ｍで普段用に使っています,非目的
会社でも可愛いと言われ買って良かったと思います,非目的
娘を乗せるために購入,目的
届いた商品はとてもかわいいので満足しています,非目的
おすすめです,非目的
生理カップに初挑戦するために購入しました,目的
訂正印がついてるのが欲しかったので満足です,非目的
室内塗装に白を塗るために購入しました,目的
使い易く,目的
そして今日こちらの商品ページを見たら通常０日以内で出荷予定に変更されていました,非目的
狭い隙間に指を突っ込めば何とか押せる感じです,非目的
商品はまともで届いた翌日に山歩きで０時間歩きましたが個人的な感想としては全然問題ありませんでした,非目的
足元が冷える季節なのでミニサイズで持ち運びが楽チンなこちらを内祝い用に購入,目的
ストラップ用の取付孔があるのが購入の決め手でした,非目的
手持ちのペンダントペッド縦０ｃｍ・横０ｃｍに合わせるために購入,目的
ｉｐｈｏｎｅに撮りためた写真データを移行するために購入しました,目的
以前から興味あったのでお安く買えてよかったです,非目的
ねんどろいどと一緒に飾るために購入しました,非目的
同柄の布団を姉妹で保育園用に購入,非目的
真ん中にある白い英語のロゴマークが飛び跳ねるうちにこすれて白く周りが所汚れてくるのだけが気になりました,非目的
サイズアウトまでたくさん履かせたいと思います,非目的
娘に教えるために購入,目的
折り畳む時に斜めの金具が当たり簡単に外せますがペタッと閉じにくいのと脚を伸ばして固定する時に目盛があれば左右の高さが合わせやすくていいのになと思います,非目的
会社の店舗で業務用に使用しています,非目的
小学校で使っているのが短くなっていたので補充用に買いました,目的
血圧を計るのに買いました,目的
アウトドアに持っていくために購入,非目的
写真を保管するために購入しました,目的
白色のパンツなのでどのｔシャツとも合わせやすいですお値段が良心的なので今回もこちらのｓｈｏｐから購入しました,非目的
友人に借りたベビーカーに汚れ防止用に購入,目的
素早い対応ありがとうございます,非目的
結婚式で使用する為に購入しました,非目的
寝室用に購入,目的
フローリングの上に敷いたラグを固定するために使用しました,目的
デジカメで動画を撮るために購入しました,目的
以前０ヴォクシーにこちらのマットを装着しました,非目的
和室をリフォームするのに購入,目的
飲みやかった,目的
星がた可愛い,目的
魚釣りで持ち帰った魚を真空パック冷凍保存するために利用,目的
結構重たいので二人以上いないと箱から出して組立は大変だと思います頭側と足側のリクライニングが連動するので各の細かい角度調整はできませんがリモコンもシンプルで上がる下がるだけなので高齢者には簡単で良いかもしれません,目的
陶版とセットでポーセラーツ用に購入しました,非目的
お昼寝用に購入しました,目的
ビデオカメラのデータを見る為,目的
仕事で使うために購入,目的
体型カバーのために上から羽織るために購入しました,目的
夏に持つのにいい感じです,非目的
がサイズとレビューを見ていたのでそこまで気にならず,非目的
ノートパソコンを入れるのに購入しました,目的
０セット買っても高価なもの０コ分以下なので耐久性に劣っても十分と考えました,非目的
今回は転校の際クラスに配るために購入したので他の人のレビューを参考に赤鉛筆が入ってる事を考慮して０セット購入しました,非目的
インテリアの邪魔をしないのでもう０つ購入してブランケット入れにしようかなとも思っています,非目的
サバゲーで薄暗いところ…室内などで使用するために購入,非目的
コードレス子機が０分ほどしか通話できなくなったので電池を交換するために購入しました,非目的
息子がお盆に合宿がありその時に使うために購入しました,非目的
ネイルを隠す為に購入,目的
シューズケースも同じ生地で作る予定です,目的
きゅうりに肥料として使用するのに購入を決めました,目的
肌触りも良,目的
こどもの自転車に付けるために購入,目的
ウエストゴムはキツキツではないのでおどりやすそうです,非目的
自分の退職記念品を作成するために購入しました,目的
サイズテーブル下にぴったりと収まり０本用から０本用に買い換えたのですがコンパクトに以前置いてた場所に置けたのでありがたいです,非目的
ピンクを持ち歩く充電用に買いました,目的
色デザイン共にとても素敵で母子ともにとても気に入っています,非目的
とてもかわいいです,非目的
アイボリー購入しました,非目的
今回はシンク下に缶などの分別用に購入しました,非目的
取り付けも簡単で長く使えて値段も安くて大満足です,非目的
ご参考まで,非目的
ケースが小さい為金網部分に取り付け出来ずケースの上部に乗せて置いています,非目的
花壇に花を植えたので鹿除け用に購入しました,目的
自家製ミューズリに入れるのに購入しました,非目的
車に乗せることが多い娘,非目的
バッテリー上がり用のジャンプスターターのチャージ用に購入,目的
良い商品でした,非目的
自分のソファは背もたれが高く高さが足りず座と背の間がピンと張っています伸びる素材なので使用には問題ないので使っていますが,目的
息子の０ｄｓｌｌを入れるのに購入しました,目的
ａ０用紙と文具類の収納そしてチェストの上にｆａｘ電話を置くために購入しました,目的
水着なら違和感も減るかも知れませんが改良を期待します,非目的
ドライフルーツを作るために購入しました,目的
子供も気に入っています,目的
卒園式・入学式に使用するために購入,非目的
本物だと虫が嫌だったので素敵なのがみつかってよかったです,非目的
かっこいいです,非目的
パウンドケーキを焼く為に購入しました,目的
画像どおりフォーマルな場にも合いそうなシンプルで可愛いタイツでした,目的
安くデザインもよくａ０等を持ち歩くのに便利,非目的
なので硬めに感じます,非目的
色違い購入検討中です♪,非目的
家族のイベントで使うために購入しました,非目的
操作も簡単で即設置でき機械音痴の私でもできました,非目的
ついでに庭のフェンスからの猫の侵入を防ぐためにも使います,非目的
友人の結婚式に参加するのに購入しました,非目的
芝生代わりです,目的
もっぱらデジカメをぶら下げるのに利用しています,目的
大きさもちょうどよく満足した仕上がりになりました,非目的
ｐｃの側に置く為に購入しました,目的
受験や入学式等の行事に使用する為に購入しました履くと程よくフィットし全然窮屈な感じはありません,目的
柄がとてもかわいいのでキッチンが華やかになりました,目的
色な場所で試しましたが思ったより汚れが取れない場合もあります,目的
このサイズはどこも値段が高いのでなかなか購入に至らなかったのですが今回のスーパーセールでかなり安く購入できました,非目的
伊藤尚美さんの布が好きでよくハンカチを作るのに使います,非目的
今後ますます必要になるかと苦笑思うのでいま購入して良かったかも,非目的
子どもの運動量を稼ぐために購入,目的
種を追い蒔き用に購入,目的
寒冷地に住んでいるので災害時用に購入しました,非目的
キッチンダイニングテーブルの周辺を整理する為に購入,目的
マフィンやカップケーキをつくるのに便利と思い購入,目的
かわいい紙袋もつけていただいて有難いです,非目的
仕事場の机を間仕切るために購入,目的
サンタ柄を購入しましたがハートの目のイラストのはちょっと配りにくいからイラストがもう少し普通のサンタだけの方がいいかなって思いました,非目的
ドール遊びに使うために購入しました,目的
特別に料理の腕を振る,目的
ｗｉ－ｆｉ区間を広げる為に購入,目的
るるぶは地図が別冊になってないし写真ばかり大きくて情報が少ないので今後は初志貫徹でまっぷるを買いたいと思います,非目的
それでもｉｐｈｏｎｅはセルフタイマーついてるし特に問題ないかな,非目的
残量表示もしっかりしてくれている,目的
キパワーソルトでお味噌を作ると他のお味噌は使いたくなくなりまたお味噌を作るために購入しました,目的
小学生の息子が学校で使用するために購入させて頂きました,目的
友人に送るために購入した,非目的
思ったよりしっかりしていてポケットも多くてすごく使い勝手がいいです,目的
こちらに小さな商品を入れてセットで売るのに購入しましたナイロンも丈夫できれいなのでこれにして良かったです,非目的
初日は問題なく使用出来ました,目的
水に入ってはいないため星マイナス０ですがデザインもよく本人もお気に入りです,非目的
ｇｅ０フィットに防音対策用に購入しました,目的
靴を洗うのに使いたかったのでちょうどいい大きさでした,目的
マッシュポテトによく使うのに購入しました,非目的
塗装鏡面にしたくて,目的
会社で使うのに購入しました,非目的
ちょいかけが欲しくて購入しました,非目的
部屋で音楽聞くのに適してます,目的
自宅で歌の勉強をするのに使っています,非目的
０リットルの瓶で作った梅酒用に購入しました大き過ぎず小さ過ぎずちょうどいい大きさでした,目的
正規品は高くて手が出せないので値段と質は相応だと思いました,非目的
気持ちいい動きたくないと言ってベットから動かなくなりました,非目的
小指の第０関節が痛むので保護用,目的
きれいに洗う,目的
早いです,非目的
長く使おうと思います,非目的
ヘッドレストの後ろに取り付けるタイプは運転手がうるさいと思い運転手のシートに取り付けるタイプを選んだのですがなかなか難しいですね,非目的
ピクルスを作るのに買いました,目的
お風呂上がりにかいた汗を吸い取るのに使っていました,目的
ウエストポーチの方が動けるのですがこちらも貴重品やその他が入って軽いので便利です,非目的
もうすぐ友達の結婚式があるので熨斗袋に押すために購入しましたこのお値段なら満足です,非目的
リビングとを仕切るのに購入,目的
説明書も分かり易くすぐにネットも繋げ遊んでいます,非目的
切った後の毛羽立ちもそんなに気になりません,非目的
購入した直後は生地がパリッとしてるので０度洗濯される事をお勧めします,非目的
０円ハロウィンの衣装に合わせる為に購入,非目的
０畳間でしたが０箱購入,非目的
買って良かったです,非目的
車で充電する為に購入しました,目的
前回は抑えのバーがあるタイプのものを選びましたが今回は抑えのバーがないタイプにしました,非目的
寝室にポスターを飾るために購入,目的
餃子のタレを入れるのによいサイズです,目的
と言って下さいました,非目的
技術展で製品のデモ用に買いました,目的
以前は短めのセットを購入したのですがすぐに使ってしまったのでお買い物ついでにストック用に購入しました,非目的
子供が外で遊ぶので保護用に買いました,非目的
ただし夏場は特に指が黒くなりがちです…（苦笑）,非目的
浴室の磨りガラスがシルエットが見えてしまう,目的
まだ使っていませんが丈夫そうで満足しています,非目的
ｐｃ間をデータを持って移動できるので良かった,目的
また機会があったら購入したいと思います,非目的
知人のご家族の訃報を聞き及び弔意をお伝えするのに購入しました,非目的
柚子ジャムを作るのに使いました,目的
とても可愛い,非目的
コネクタも同一でしたので簡単に交換できました,非目的
デザインバリエーションが増えることを期待します,非目的
クリスマスイルミネーションと一緒に飾る,目的
キーボードに使うために購入しました,目的
年末に向けてパーティー用に購入しました,非目的
自宅の庭に消毒用に使用して居ますがデザインも可愛らしく移動もらくらくで重宝しています,目的
キャリパー塗装ブルーメタリック薄め用に同時購入,目的
アイフォンを聞くのにとてもいいです,目的
ジムで泳ぐために購入しました,非目的
とても重宝してます,非目的
キャンプ道具を収納する,目的
卒園式に使用するために購入しました,非目的
融雪用ですが庭の散水に使う為に購入しました,目的
雨の日に使用するために購入しましたが使い勝手が良さそうなので頻繁に登場しそうです,非目的
部屋にポスターを貼る為に購入しました,目的
そんなに大きくないですが街歩きにリュックを持っていく予定なので十分かと,非目的
柱に縛り付けて装飾したり手に持つために購入しました,非目的
キャッチャーをはめてみてかなりきついかも,非目的
小学生の子供がスケボーに貼るのに購入しました,非目的
近二人目が生まれるのでリビング用に購入しました０歳の息子がいるので赤ちゃんを寝かせる場所をどうしようか迷っていたときにこちらの商品を見つけました,目的
きれいに刺繍もできるし大満足です,目的
まだ使用してないですが色合いも大きさも思った通りで気に入りました,非目的
子供が旅行で使うために購入したのですが内側の布もかわいくてすごく気に入ってくれました,非目的
まだ使いこなせていませんが覚えれば簡単な様な気がします,非目的
その分遮熱効果が良いのでは・・・と期待もしておりますが,非目的
娘専用のタブレットにする為に購入しました,非目的
二段ベッドに敷く用に購入,目的
使用後に洗う時にも０本以上抜けとても残念です,非目的
娘は０ｃｍなんですがピッタリと履かせたかったのであえて０を購入しました,非目的
我が子の自転車用に購入しました,目的
寝る前に部屋を暖める為に買いました,目的
今回０回目の利用です,非目的
紫蘇ジュースも作りました,目的
新聞をいれるために購入しました,目的
ナンバー灯に使用するために購入しました,非目的
とにかくとても気に入りました,非目的
メイプルチーズケーキを作るために購入,目的
他社バラストの交換用に購入しました,目的
袋を止める用に使用したら材質によるとは思いますが割と剥がれてしまうので粘着は弱めだと思いますが可愛いので買って良かったです,目的
０,非目的
シンプルで分解洗浄できるしとても使いやすいです,非目的
職場で使用するために購入しましたが値段も安く機能も十分で大満足です,非目的
洗濯機の横にすき間に置くのに,目的
純正品よりも安く,目的
０つは来客用に０つは自分で使う為に買いました,非目的
一つ一つに名前を書くのは手間なので買って良かったです,目的
大きさ色もとても気に入りました,非目的
タープを補修するのに購入しました,目的
カトラリーを整理するのに,目的
昔持っていたゴム製のゴーグルとシュノーケルと違い当然ゴム臭くなくフィット感も柔らかくとても使いやすかったです,非目的
はじめｎｏｖａｌｉｔｅで使用非常に良い品だったので今回ｎｏｖａｌｉｔｅ０用に購入相変わらず良い品でした,非目的
バイクのウィンカーをｌｅｄ化する為に購入,非目的
玄関用に購入しました,目的
ｔシャツ０枚タンクトップ０枚ハーフパンツ０枚チェックシャツ０枚パーカー０枚カーディガン０枚パンツ０枚以外は綿０％,非目的
ガーゼハンカチを作るために購入しました,目的
固定パーツの位置がちょうど電源ボタンの位置に来てしまうので押しにくくなってしまったのが残念です,非目的
釣りで使用するのに購入しましたが偏光レンズなのかイマイチでした,目的
アップリカのハイローチェアですがぴったりでした,非目的
人形服を作るために買いました,目的
自動車通勤で片道０時間を勉強するために購入した,目的
妻とトレッキングを始めるのに購入しました,非目的
綺麗なイヤリングです,目的
届いてすぐに履いてポッポーと汽笛を真似して大喜びです,目的
冷蔵庫に重ねて置くのにとてもすっきりして良いです,非目的
大学生の娘がスポーツジムで着用するために購入,目的
レビューを書くとオマケが付くのはよくありますが開けてビックリ同じ色のポーチがお礼として入ってました,非目的
旅行の時に使うために購入,目的
節煙から禁煙に移行する為に購入したのですが購入して正解だと思っています,非目的
肘が冷えることがありますそんな時にアームカバーとして使うために買いました,目的
これからの季節お弁当に入れる為に買いました,目的
ソファーカバーを作るために購入しました,目的
かなり椅子のシート部分がボロボロになりましたので自分たちで交換するために購入,目的
キャンプのときテントの中に敷くのに買いました,目的
愛犬のお散歩の際に使用する為に購入,目的
子どもの写真を貼るのに購入しました,目的
たっぷり入ります,目的
ワンポールテントの中にひいたり,目的
天井に真っ黒にはえたカビを除去するために,目的
ｂｅａｔｌｅｓの大きめの写真を飾る為に購入しました,目的
ｐｃ出力を０画面出力するために購入,目的
今度は自分用にリピートしたいと思います,非目的
別のショップで買ったアロマペンダントに入れるために買いました,目的
今回は高めのベッドを選択,目的
ヨーグルトを盛り付ける為に購入しました,目的
針は紙に刺さっているだけ,非目的
夏と秋に九州旅行に行くために購入,目的
問題なく写真も保存できています,目的
流し台下の調味料を入れるために購入しました,目的
）自分の傍に置く為に購入しました,非目的
とっても可愛いカラーで書体もにじみなくキレイに押印できとても満足しています,非目的
中古と思って半額で買ったのですが普通取り外されているはずの付録のマップ類が付いたままでした,非目的
スイッチを持ってお出かけするために買いました収納もしやすいしピンクが可愛く満足です,目的
ホションのミニポーチが欲しくて購入,非目的
服やマグなどに記名するために購入,目的
工業用ミシンに使用するために購入しました,非目的
貼るだけで簡単だしまた無くなったら購入します,非目的
ｕｓｂの充電器は０個あるので家と車に付けっ放しにできるので便利です,非目的
チューブを固定する為に購入しています,目的
自分も大体のあらすじしか知らなかったので読んで見ましたが表紙だけでなく最後まできちんと可愛い絵柄でとっても気に入りました,非目的
０ｖなので大型トラック用に購入しましたが買って０日間使用回数数回数時間で使えなくなり座面裏側が焼け焦げシートカバーまで溶けました,非目的
コルクマットのズレも防ぐ事ができました,目的
期待を込めて☆０つで,非目的
仕事で使用するために購入しました,目的
ホースの損傷時に修理ジョイントするのに購入しました,目的
夏向きだけど冬にアンダーウエアの下に装着するのに良いです,非目的
適度な締め付けで心地よいらしいです,目的
特に０台が同時に充電出来るからケーブルなどもスッキリして凄くいいです,非目的
息子はウエストもキツすぎず全体的にもちょうどよい感じです,非目的
戸を外した押入れに洋服をかけるのに使っています,目的
ガッチリ付いて安心感がありますｉｐｈｏｎｅ０ｓをセットしても同様のガッチリ感で運転中に脱落を心配しなくて良いのは嬉しいですね,目的
本日０／０／０届きました,非目的
洗車で使用する為に購入しました,目的
バッテリーとともにカバンに入れて持ち歩くために購入しました,非目的
ペットがいるのでペット用のタオルから水筒からおやつまで何でも収納,目的
仕上がりはとても綺麗です,非目的
子供達の前髪を切るために購入しました,目的
０,非目的
スマホを入れるのに購入,目的
生後０ヶ月０ｃｍ０キロの娘のためにｍを購入しました,非目的
神経のない歯を隠したくて,目的
安心,非目的
娘が幼稚園に入園するのに購入しました,非目的
仕事の会議に利用するために購入しました,目的
帰省時に実家の車で出掛ける,目的
普通より少し変わっている色合いがとってもステキです,非目的
主人がフローリング畳で使う用に買いました,目的
まだ使用してませんが交換後どれだけ電気代が変わるのか楽しみです,非目的
でもお値段を考えると大満足です,非目的
今まではファスティング目的ではなく健康のために何となく毎日飲んでいましたが体重が増えたので今回はファスティング用に購入しました,非目的
ネイルのスクールで使う為に購入しました,非目的
現金を入れておく用に購入,目的
すぐには取り付けた後のレビューは書けません,非目的
両親のこたつ用にももう一枚購入いたしました,目的
思ったより薄手でこれからの季節にぴったりではないかと思います,非目的
上が小物棚になるのでチョットした物を置くのに便利,非目的
デジカメを包むのに購入しました,目的
今までの照明は白ガラスだったのでそれより明るく感じます,非目的
自作うきに使用する為に購入,目的
純正の充電器で問題なく充電でき使用時間もこちらのほうが長く使えました,目的
遠足にも使える,目的
ドラレコの電源をとるために購入,目的
通常だったら間に合っていたのにサイズ違いが届いた為仕方なく交換をお願いしました,非目的
リュックに入れて簡単に使えました,非目的
車の中で音楽を聞くために購入しました,目的
前面のポケットが大きめなのでサッと取り出したい物を入れるのに便利です♪サブバッグは思っていたよりマチがあって使えそうです,非目的
お値段が安くていいと思います,非目的
今までジップロックに入れていたバレエシューズを入れる為に購入致しました,目的
商品が入荷されたのでしたら早く送って下さい,非目的
他の料理にも使えるので重宝しています,目的
構想通り遠心機をデスクの下に収納でき使う際に引き出す方式で省スペースできました,非目的
初めて取っ手の取れるフライパンを使用しましたが取っ手が無いので洗う時にとてもラクでした,非目的
内祝い用に購入,目的
落ち着いていて男女兼用でもつのにいいかと思います,非目的
ポストに貼る為に購入,目的
おにぎり用に購入しました,目的
０ｃｍドールを飾るのに使っています,目的
頼んでからすぐに届いたので助かりました早速使わせて頂きます,非目的
うたたねする家族にかけるのに買いました,目的
ただレンズ表面を守るために購入したのですがその目的は十分果たしております,非目的
家族で使うために購入しました使ってみての感想ですが外にカラオケに行って歌っている感覚です,目的
リペリオは継続の使用で歯茎の血が出なくなってきて効果を感じています,非目的
自分の荷物を減らすために購入しました,目的
日差しが強く背中の日焼けをこれ以上酷くしないために購入しました,目的
結婚式に履いていくパンプスに付ける用に購入しました,目的
拡大したりページをめくったときの画面の変化の仕方が思っていたのと違いました,非目的
安定の商品です,非目的
問題なく使用できます,非目的
上品なカラーだと思います,非目的
タンブラーで生ビールを出してくれる居酒屋に行きいつまでも美味しいことに感動し自宅用に購入しました,目的
最近システムの時計が遅れだしたためｃｍｏｓバッテリーを交換するために購入しました,非目的
冬はどうしても必要なので洗い替え用に購入,非目的
リュックに使用していた,目的
それかｍサイズで子どものプールバッグにも,非目的
問題なく撮影できました,非目的
色違いがあったら車用にもう一枚ほしいくらいです,非目的
早く使うのが楽しみです,非目的
０歳の息子が組み立てられるくらいに簡単でカラーはホワイトにしましたが中おしゃれでリビングに置いても違和感ありません,非目的
中に雪が染み込むこともなくとても良かったです,目的
ギリギリに決定したビンゴの景品用に購入しましたが注文の翌日には到着し無事間に合いました,非目的
スポーツ心臓を作るために使っています,目的
車でタブレットを固定するために購入しました,目的
目隠しにもなるかと,非目的
まとめて買えたので良かったです,非目的
画像より実物の方が落ち着いた色です,非目的
室内でアプローチ練習する為に購入しました,目的
大きい目のお皿を立てるのに使っています,目的
幼稚園のエプロンに付ける為に購入,非目的
シンク下にフライパンを重ねて収納するのに買いました,目的
孫が遊びに来た時用に購入しました,非目的
スポンジを置くために購入しました,目的
着用後の水着を入れるために購入,目的
これで海のレジャーでも気楽にスマホを持ち歩けそうです,非目的
家族ブルーでお揃いにしてはぐれたときの目安のひとつに出来そうです,目的
水に浸しながら使うと陶器やガラスなど陶器類はほぼ何でもきれいに穴が開けられます,目的
軽くて履きやすくて,目的
今までのお弁当よりは若干温かいといつも持って行って,目的
お値段以上に生地もしっかりしていました,非目的
幼稚園に持っていく用に購入まだ好みが定まっていないのであまり高いのを買うのをためらっていましたがかわいいのが安く買えて娘もかわいいと喜んでいます,非目的
娘の幼稚園のショルダーバッグを作るために購入しました,目的
大きさもコンパクトでクマのデザインも可愛かったです,非目的
とても暖かくでも指先は空いているのでスマホも使えるし手も洗えます,非目的
花についてる樹脂の観察用に購入しました,目的
保育園のおむつに記名するために購入しました,目的
イメージ通りで満足しています,非目的
学校で使う道具をまとめるのに,目的
仕事で使うために購入,目的
そんなことしなくてもしっかりしてます重量あります,非目的
すごく気に入りました,非目的
実家用にも買ってあってコンパクトで良かったので０回目の購入です,非目的
外見も使いやすさもよい,非目的
素材をデコするのにとても良いとのことでした,目的
リバーシルも気に入りました,非目的
ストレッチをするために購入,目的
食品やお菓子を保存するのに便利です,目的
糸調子を合わせるのが苦手なので自動糸調子がついている糸取り物語がいいかなと思いこちらにしました,非目的
お客さんのコートをかけるのにも便利で購入,目的
ただ個体差があるので今回の品は他と比べて特に堅いということはありませんでした,非目的
とても役立ったみたいです,非目的
野球部の小学生のトレーニングシューズを洗うのに使っています,目的
押入の整理に必要だったので注文,非目的
新学期用のバッグを作る為に購入,目的
なので概ね満足です,非目的
ミニアルバムに使うために購入しました,目的
価格の割にはしっかりした作りでした,非目的
近場に出かける用に購入しました,非目的
レビューおまけで０本付いてました,非目的
が入っていて型崩れもしなさそうです,非目的
トイレや洗面所などで使うタオルを換えたくて買いました,目的
リムに傷をつけないようにするために購入しました,目的
ミュージカルを観る為に購入,目的
使用のうちに剥がれるので私は貼ってません,非目的
家族で飲んでるのでストック用に購入,非目的
デザインの綺麗なヘッドアクセです,目的
コットにかけたり,目的
比較的コンパクトで背面の穴に紐を通してフックなど利用してテント内に吊るして使用できそうです,非目的
職場でこちらの商品を使っていたので自宅用に購入,非目的
中学でプールの授業用に購入ビニールだと角が肌に擦れて痛かったりするのでメッシュにしてみました,非目的
最近鉢植えを初めました根を整えたりするのに便利,非目的
現在使用している物が少し大きく外出先で使用する用に購入しました,非目的
０秒毎に電流・電圧が交互に表示する物を使用してました,非目的
子供達と一緒に作るのに買ってみました,目的
商品が届き子供が見た瞬間にかっこいいありがとうと喜んでくれました,非目的
組み立ても簡単ですしお値段も安いので満足しています,非目的
会社で充電用に購入,目的
センターでないしポンチした場所からもずれるし削っている最中にも先がぶれているのですぐに他メーカーのに買い直しました,非目的
スマホａｓｕｓ－ｚｅｎｆｏｎｅ０を携帯する為に購入,目的
成人式用の着物を収納するために購入しました,目的
同時期に入手したｉｐｈｏｎｅｘｒ用に購入しました外見が手帳風でオシャレで耐久性も良いと思います,目的
スマホのｕｓｂ給電にするために購入しました,目的
ジムで着るために購入,目的
スマホを充電するのに買いました,目的
コンパクトながらパワーあり,非目的
竹を曲げるのに使用しています,目的
学習机を置くために購入しました,目的
高校生の息子がソフトテニスをするとき用に購入,非目的
履きやすくて,目的
洋服のタグに貼るには中サイズ以上がオススメ,非目的
仕事で使用しているｐｃのモニター用に購入しました,目的
夏は背中に保冷剤を固定するために使ってます,目的
更に購入予定です,非目的
海で使用してないがテストでは他社の製品ｌｅｄではないより明るく視認性に優れている,目的
床に布団をひいて寝るので結露防止用に買いました,目的
チームで試合用と練習用に利用しています,目的
基板は復活しましたが液晶がダメでメモリーもｐｃから呼び出すことが出来ませんでしたキレイな水の中に落とした場合は有効だと思います,目的
頭と手先を鍛えるのに良いと思い購入しました,目的
また筆を購入する時はこちらのお店で購入しようと思います,非目的
作りも良かったです,非目的
シングルのマットレスをソファ代わりに使いたくって背もたれ用に購入しました,非目的
って感じのデザインが嫌いな私にとってはすごくタイプのデザインがあって満足してます,非目的
先日プレゼントで差し上げたらとても喜んでもらえました今度は自宅用に購入しようかな,非目的
一つだけ強いて難を言うとものっすごい臭いです,非目的
新居のポストに貼る為に購入しました,目的
ケージを０つに餌やお掃除用具などハムスターに使うものをまとめて置いていてとてもお世話しやすくなりました,非目的
ｍａｃｂｏｏｋｐｒｏｉｐａｄｍｉｎｉ０ともペアリングできました,非目的
コスプレを飾るのにとても便利で良かったです,目的
杢ベージュを購入です,非目的
ガッチリした作りなので腰にぶら下げた時にだらしなくならずに形を保ってくれるので大変満足しています,非目的
氷のうやゼリーを入れて持っていくのに使っています,目的
黒のスクエアを買いました,非目的
★感想夜に映画を見るために購入したのですが片耳は開いてないと他の音が聞こえないので肝心のｐｃとｉｐａｄｍｉｎｉではペアリングができなかったのでなんだか残念な気持ちです,非目的
年のせいか足が上がりにくく筋力を付ける為に購入,目的
椅子も頭のクッションも十分フワフワです何回か乗ったら寝た時うまく頭の位置を自分で移動させる技を身につけたようです笑,目的
ｌｉｖｅで好きなアーティストにアピールする為に購入しました,目的
持ち手が二つあるので物を入れた時安定感がありますレジャーには程よい大きさかと思いますが普段のお買い物には少し小さいかな,非目的
娘の幼稚園バッグに付けるために,目的
子供が野球を始めたのでユニフォームを洗うために購入しました,目的
しっかり自立します,非目的
体にホースを固定するために購入しました,目的
子供の運動会の荷物を運ぶのに購入しました,目的
スタッドレスタイヤに交換するのに購入しました,目的
寒くなって来たのでレオパ用に購入,非目的
０ヶ月から十分つかえます,非目的
棚部分には洗濯カゴを置いています,目的
ｔシャツやオフショルダーの洋服をかけるのに便利です,目的
安いのにしっかりしています,非目的
ホットカーペットの下に敷くために購入しました,目的
ハンドガン保管用に,目的
留学先にもっていくために購入しました,非目的
お月謝をいただいた時の押印用に購入,目的
今まで使っていたボディーバッグはちょっと大きめだったので丁度大きさが良さそうなこちらのバッグを買ってみました,非目的
色が気に入り息子は喜んでいます,非目的
普通に踏台昇降するよりも太もも内側に効いてる感がなんとなくあります,目的
スイミングスクールに通うために購入,非目的
ただお得感はとくにありません,非目的
０歳になる娘にトイレトレーニング用に購入,非目的
白をアイアン用に赤をウッド用に購入,目的
薄いですが強度もそこそこあるように感じます,非目的
男の赤ちゃん用に買った靴がとてもかわいくて,目的
車中泊災害時の電源を確保する為に購入しました,目的
結婚式用のブーケに使用するため,目的
猫の毛を一部切るために購入しました,目的
子供が小学校で上履きとして使う為に購入しました,目的
見開きにはならないし全編白黒なので漫画はそこそこにして主に普通の本を読むのに使おうと思います,非目的
取り付けも簡単にでき十分ではないですが少しは防犯に役立ってくれればと思います,非目的
ダウン程の保温性はないと思いますが,目的
同窓会で使用するために購入しました,目的
とても使いやすいと喜んでいました,非目的
パープルハートを小学校入学用に買いました,非目的
会社で使うために購入しました,目的
シンク下収納でジップロックを片付ける用に購入,目的
持つところがとてもおしゃれ感がでていると思います,非目的
畑でトンネルを作るために使っています,目的
安かったので防災用に購入しました軽くて結構小さいので持ち運びには便利そうです機会があったら一度組み立ててみます,非目的
大きめで横になって足を丸めると大人でもお昼寝可能かな,非目的
使い心地も良く納得の商品です,非目的
軽くて持ち運びやすく大変便利です,非目的
友人の結婚式に着物で参列するために購入しました,非目的
壁に写真や絵を貼るために購入,目的
他に使ったことがないので比べられませんが良さげでした,非目的
新居のリビングに置くために買いました,目的
０歳の子供がテレビ台のｄｖｄデッキに触るのが嫌でテレビ台やテレビその横に置くクリスマスツリーを子供から守るために購入しました,目的
私のおさがりの携帯を子供用のゲーム専用にする為に購入しました,目的
筋トレの幅が広がる,目的
フィットネスクラブで泳ぐために購入しました,目的
炎天下で日陰で待機できるのが良いです,目的
０．０インチのパソコンを乗せるために購入しました,目的
０万円にしてはいいと思います,非目的
またスポーツの疲れをとるのにも最適です,目的
家で鍋をするとき用に購入しました,非目的
続けやすい価格なのでありがたいです,非目的
息子の習い事（サッカー）に持っていくために購入しました,目的
たぼつかずにはけて良かったです,非目的
薄手の生地にキルト綿を接着させました,目的
この価格でこの高級感は素晴らしいと思いました,非目的
ビーズをつなぐのに購入しました,目的
やはり学校で買う物の方が使い勝手は良いのかもしれません,非目的
小さな子供がいるので疲れた時にすぐに触れて持ち運びしやすい物を探しました,非目的
お弁当の外箱（サーモスの保温のタイプ）や水筒哺乳瓶なども水を切るのに使っています,目的
フライパンを整理するのに購入,目的
細かい作業をするために購入,目的
父に頼まれて玄関用に購入いたしました,非目的
素材も良いし型くずれしにくいので仕事用に良いです,非目的
畳に敷く為に購入しました,目的
厚みが薄いので鉋刃を差し込む両側の細い溝の深さをストレスなく調整することができた,非目的
自転車の距離があるのでこれくらいは必要かなと思い購入しました,非目的
コンパクトなのにパワフル主人も大満足です,目的
アンパンマンが大好きでずっと遊んでました,非目的
私自身はコーヒー飲まないのですが来客時に使用するために購入,非目的
トマトも潰して炒めるのにも便利でした,目的
重さはありますが生地はしっかりしています,非目的
ガスコンロの隙間を埋めるために購入,目的
人気のあるラバーなので期待してます,非目的
作業時にカッターを入れるのに使用しています,目的
まんまでも問題ないと思います,非目的
ショートパスタを入れるために使おうと思います,目的
ただ商品の中に生きた蜘蛛が入っていたので開梱して驚きました,非目的
水辺の鉢植とサカナを仕切るために購入,目的
また着せたいなぁと思います,目的
これから練習の時に着ると思います,目的
まだ使い始めたばかりなので調湿剤としての効果はわかりませんが,目的
正月用の煮豆を作るために購入,目的
娘のはじめての通帳を作るために購入しました,目的
ブルーライトカットのものをｓｕｒｆａｃｅｇｏ用に購入,目的
結婚式に着ていく為に購入,目的
また機会があれば利用したいと思います,非目的
セッティングも簡単でケーブルの長さもちょうどよかったです,非目的
条件に合う中で最安値,目的
ｉｐａｄｍｉｎｉ用に購入し気に入ったのでｉｐｈｏｎｅ用に購入した,非目的
良いものをありがとうございました,非目的
△中学生になる娘が使用する為に購入しました,非目的
外出した時のミルクを作る時に使う用に買いました,目的
試しに充電してみたら大丈夫そうだったのでこの先も問題なく使えるといいなと思います,非目的
保育園のスモックに付けるために購入しました,目的
大型テレビに接続して動画を見るのに購入しました,非目的
ステンレスで匂い移りが少なく感じます,非目的
お店などで購入するとケースにホコリが多少ついていたりするものですがこちらのお店はとても綺麗な状態で届けて下さいました,非目的
寝心地が心配でしたが今使っているのと変わらなくとてもいいです,非目的
普段０センチの靴ですが今回０－０センチでちょうどよかったです,目的
カードと小銭を持ち歩くのに便利です,目的
朝食のスープを入れる,目的
厚手であったかく雪国でもこれからの季節に役立ちそうです,目的
本体のボリュームを最大に上げて聴くと雑音が気になることなく楽しめます,非目的
家にいるゴールデンハムスター用に買いました組み立ても簡単で入り口も広く餌皿やトイレや滑車を出し入れしやすいです,目的
漫画を読むならもう少し大きい方が見やすいように感じました,非目的
脱衣場に設置するために購入,目的
０日歩くイベントに参加するのに購入しました,非目的
ちょっと荷物を取り出すのにとても便利です,非目的
トースターと炊飯器とケトルをのせるのに購入しました,目的
甘酒を作るのに購入しています,目的
重さも軽く転がりがよく使いやすいです,非目的
手首の傷を隠すために購入,目的
条幅で０文字だと細いかもしれません,非目的
私的には理想のスリッパです,目的
安いし大きさもちょうど良いので汚れたらまたリピします,非目的
リビングのコーナーに設置するために購入しましたシンプルで明るさもリモコンで調整出来るので申し分ありません,目的
家庭用ミシンで革を縫うのに購入しました,目的
室内の洗濯用ワイヤーをとりつけるために購入,目的
濁点など別料金が発生します等わかりやすく記載して欲しいです,非目的
色違いで二人目用に購入しました,非目的
組立は簡単でした,非目的
でも他は十分にストレスなく使え感激です,非目的
コンパクトなのに時間も見れて湿度もわかるしアラームもついていてお得だと思います,非目的
結婚式で着るために購入しました,非目的
しっかりした作りで期待通りです,非目的
鍵をつけられるフックも便利だと思います,非目的
０ｓのライブをするお友達の衣装用に購入リボンもしっかりしていて形も可愛いのでとても気に入ってもらえました,非目的
ハロウィンに使うために買いました,目的
バケツバッグと巾着を作る為に購入しましたが腰がないので巾着にはもってこいです,非目的
メンソール感をプラスするために購入しました,非目的
入学式のワンピースの下に着るために購入しました,目的
彼氏とお揃いで旅行用に購入しました,非目的
まだ届いてませんが届くのが楽しみです,非目的
子どものおもちゃ攻撃から画面を守るために購入しました,目的
子どもの習い事で荷物が多い発表会のとき用に購入,目的
０ｄｓｌｌ用にすぐに充電切れるために購入,目的
尿糖値,目的
うさぎさんをお迎えするので壁を保護するために利用,目的
教科書をすべて入れていく,目的
すぐに効果を実感しようもないですが癒しの音に期待して前向きな自分になるために使いたいです,非目的
カラーボックスの見た目をスッキリさせるのに便利です,目的
娘の通帳を作る為に購入しました,目的
画面のフィルムは液晶の部分のみぴったりでした,非目的
うちではビッグラップ０ｍを使っています,非目的
写真では商品の判断がしづらく届くまで若干の不安はありましたが実物は色も濃くインクルージョンもきれいです,非目的
タンブラーを携行するのに使ってます,目的
以前ペットのハリネズミを観察する為に購入しましたが,目的
娘がリビングで勉強するときの机になっています,目的
布団の他にこどものぬいぐるみを詰めるのに使用,目的
昔の写真を整理する為に購入しました,目的
足跡と鹿を購入しましたが子供達も可愛いと喜んでいます,非目的
しっかりしたつくりで木目もきれいでした,非目的
コンペ用リーシュはコードが細い性か邪魔になりにくく扱いやすいので普段用に使っています,非目的
以前に似たモデルを日常用に使っており今回同じものを探してみたがすでに廃番…ラインナップの中からシルエットが似たこのモデルを選択し結果的に大正解でしたフィット感が緩すぎず・きつすぎずそして股上のサイズも浅すぎず深すぎず以前は腿の部分の生地がダブルで新品のうちは少し暑かったけどこのモデルは一枚仕立てに改良されており暑い時期にも十分使える作りになっています,非目的
ｔｖを走行中に見るために購入しました,目的
でも正直その辺の雑貨屋さんでも普通に見かけるくらい,非目的
釣用に水温を図る為に購入しました,目的
庭のこまごました物を収納するために,目的
羽毛布団の保管方法,目的
つけかえブラシをストックしておくのに購入しました,目的
また利用させて頂きます,非目的
ちょっとした気持ちを伝えられるように名前の横に押すために購入,非目的
しかし音量調節がもう少し細かくできると良いかと思います,非目的
値段が値段なので手に取るとチープ感は否めませんがつけて見るととても可愛いし存在感もあるのでとても良い買い物ができたと思います,非目的
すごくかわいいです,非目的
量もちょうどよくイベントにもってこいの商品です,非目的
生地がしっかりしていて満足です,非目的
喫茶スペースを新設する為に購入しました,目的
ワインを持ち歩くのにとても便利です,目的
日頃大きめのモチーフをしない人には特に女性で小指だと結構負担に感じるかなっていう気もします,非目的
無加工で付きガタつきも全くありません,非目的
ちょっとしたものを乾かすのに便利,非目的
気温０度の中ダウン上下着込んで毛布を掛けて寝たら暑いくらいでした,非目的
購入してよかったです,非目的
小さい鉛筆を使ってもらうために購入しました,目的
出産準備で入院の日用に購入しました,非目的
商品サイズと箱が合っていないのか配送中の事なのか箱が若干潰れて届きましたが自分はそこは問題ではありません,非目的
こちらの商品は竿も０本付きなのでお得です,非目的
思った通り落ち着いていていい感じです,非目的
ぐらつきもなく落ち着いたイメージのダイニングテーブルを作ることができました,非目的
息子も気に入って被りっぱなしです,非目的
診察券お薬手帳血圧手帳をまとめるために購入,目的
スマホにたまりきった写真を整理する用に買いました,目的
小学生の子供を乗せるのに購入,目的
０／０飛龍を持っているので増備用に購入しました,非目的
到着後装着したら手頃な価格の割にとても華やかになったので満足です,目的
ビニペットｅｘ０ｍを繋ぐために購入,非目的
また機会が有ればここで購入しようと思います,非目的
０人で串カツをするのに購入丁度良い大きさ良かったです水洗いできないので手入れは面倒ですがフライヤーとはそもそもそういうものかなと,目的
インターネットができてちょっとオフィスもできるこの機種,目的
ミラーボールピアスシンプルだけど可愛いし大満足です,非目的
トレーニング時に使用するために購入しました,非目的
経費節約のため,目的
趣味の日曜大工に使うのに購入しました,目的
小さく折り畳め携帯に便利です,目的
温度・湿度管理外気温０度内で温度調節ができるようなことが書いてあったのでこの猛暑の中温度に不安がありましたがしっかり温度調節できていて安心しました,非目的
どっちか書いておいてくれればよかったです,非目的
私物だったら損したなーと思う,非目的
我が家のリビングの梁にハンモックチェアを設置するのに購入しました,非目的
動かずにじーっとしてくれるかなーと心配でしたが使ってみると居心地良く一人で遊んでくれていました,非目的
寝室で子供の様子を見るのに買いました,目的
ベッドのそばに置くために購入,目的
大黒様をお祀りするのに購入,目的
保育園で使うプールバックに使うために購入しました,非目的
テレビとｄｖｄプレイヤーをつなぐために購入,目的
懸垂を始めるのに良いかと思い購入しました,目的
棚作り用に購入,目的
おにぎりを入れるのにいい感じでした,目的
運動会で使用するために購入しました,目的
よく確認したらヤングコーン水煮のみお届けの目安通常０週間前後で出荷予定とありました,非目的
と,非目的
ジムに通う為に購入しました,非目的
貼る時に少し出ているところを削るのに便利でした,目的
音質もこの価格帯の機種にしてはとてもよいと思います,非目的
安いからこんなものかな,非目的
レジンに封入するために購入しました,非目的
玄米をまとめて炊いて小分けして冷凍しています,非目的
農作業の時に使用する為に購入しました,非目的
アクリル水槽の保温性を高める,目的
写真よりも少し濃いめのオレンジの印象です,非目的
旅行先で利用する為に購入しました,非目的
暖房したい廊下や脱衣所用に購入してみました,目的
黒も買います,非目的
不慣れな性かうまく点火しないときもあるようですがコンパクトでつかいやすいです,非目的
コンパクトで場所もとらずアチコチに移動するのも簡単,非目的
保育園用はすぐ汚れるし何回も洗ってるうちにボロボロ,目的
会社で配るのに購入,非目的
ワイヤレスカメラを取り付けるのに使用した,目的
マッシュポテトによく使うのに購入しました,非目的
趣味の物を整理するのに買いました,目的
子供のサッカーで使うために購入しました,目的
冷凍肉を運ぶのに使いました,目的
子供の上靴入れを作るのに購入,目的
カラオケのマイクは入らなかった,目的
クリックポストで発送してもらっていたけど持ち手部分がたためない商品なので集合ポストに入らず不在持戻りになってました,非目的
子供と海やプールに行く時用に購入しました,目的
荷物を入れるのにとてもいい商品でした,目的
自宅での家計子供関係たまっていく取説等を整理するために購入,非目的
台所で家電の目隠し用に買いました,目的
薄型軽量で持ち歩くのにいいです,非目的
と思いますが低学年には可愛くてよいです,非目的
保育園グッズを作るために購入しました,目的
とても良かった,目的
作りが良くデザインのバランスも良かったので次の機会にシルバーの石入りをインデックス用に購入しようかと思っています,非目的
車中泊する時に車の換気用に買いました,目的
健康的にダイエットをする為に購入しました,目的
梁のすぐ下に設置しましたが色もマッチしてとても素敵です,非目的
濃い色の用紙に使うために購入しました,目的
よい買い物ができました,非目的
デスクトップｐｃ横に置くために購入,目的
鍛えてる感をより実感,目的
に切れた様な穴がありました,非目的
プラスチック用と布用で分けられていて布用はアイロンがけしないといけないところが面倒ですが滲んだりスタンプし直したりすることを考えるとしょうがないかなという感じです,非目的
新しいパソコンに利用するのに購入しました,非目的
車の運転において死角を解消するために購入しました,目的
クローゼットの中に入れるために購入,目的
娘が入学式に着たブレザーが寂しかったので胸につけるために購入,非目的
保育園で使用するために購入,目的
梱包状態も良く対応も良かったです,非目的
子供部屋に使用するために購入,非目的
旅行時に広角レンズで仲間との自撮り用に使えればと思いました,目的
洗濯物にも使う予定です,非目的
０月につける用に買いました,非目的
通勤に使うのに購入させてもらいましたが,目的
安すぎるミシンは壊れやすく厚いものは縫えないと聞いたので少しお値段を出してこちらに決めました,目的
また商品を注文する際在庫切れだったのですがショップに問い合わせるとすぐに海外に在庫確認していただき取り寄せていただきました,非目的
学校のはどれも気に入るものがなくてさがしていたらコンパクトでランドセルに入るしそしてシンプルで中学校になっても使えそうで届いてみたら子供もとても気に入ったと喜んでいます,非目的
通学と外泊時に使う用に購入しました,目的
カメラを入れてしまっておく為に購入しましたが,目的
しっかりしたシェルフで安定感ばっちりです,目的
カゴの容量も大きく見た目もスタイリッシュで洗面所がとてもスッキリしました,目的
中学生の生徒さんにステージ用に買いましたデザインはすごく可愛いです少し薄手かなサイズは普段着ているサイズでピッタリでした,目的
会社の事務所で使うのに購入しました,非目的
春先の寒いこの季節にも重宝しています,非目的
中国向けの商品ですが充分に使用できました,非目的
化粧ポーチのようなんですが通帳カードなどを入れて持ち歩くのに便利なんです,目的
ジムのプールに行くために購入しましたが安くて良かったです,非目的
小物を入れるのにいいサイズで良かったです,目的
遠足に持っていく為に購入しました,非目的
自営で伝票などを印刷するのに使っています,目的
重いものを飾るのでなければ適している商品,目的
保温効果で冷たく飲めるので助かります,目的
携帯する時ｌｉｇｈｔｎｉｎｇｃａｂｌｅを纏めるのに使う予定,目的
後部に人が乗るときにはたたんで片付けることも出来るし満足してます,非目的
台車に荷物を固定するために購入しました,目的
お味噌を作るため,目的
子供の絵本を整理するために購入,目的
狙い通り平たいデカイ弁当箱も横置きで入りました,目的
安く購入て出来て良かったです,非目的
かわいいのが安く見つかってよかったです,非目的
イベントでご飯を数回炊くのに購入しました,目的
これは０本同時に充電出来るので助かります,目的
自分には合わないのか付けても色はわかりませんでした,非目的
作りはとてもしっかりしていて満足です,非目的
ウィンカー電球をｌｅｄに交換するために購入,目的
ただ注意しなくてはならない事は当たり前ですがカメラへの取り付けがネジなのであまりきつく締めすぎると怖いので力加減が必要です,非目的
スマホをカバンに入れる時に使うのに購入しました,目的
こんなのを探していました,非目的
箸箱の色のピンクとブルーを間違えてしまったのが残念でした,非目的
０年落ちの軽に使用するのに買いました,非目的
子供とのおでかけや庭遊び用に購入しました,目的
自分の分と友人の分ポーチを作るのに購入しました,目的
お風呂で使うために購入しました,非目的
エアコンと共用ですが自分の所まで風が届かぬ（,非目的
頻繁にタブ引っ張り出して使う方ではないので誤起動防止と思えば笑人前で使うのに抵抗あるほどの萌えイラストではなくそれでいて可愛さとオシャレなデザインが良いですね,非目的
少しホコリがかぶっていたので拭き取ったら綺麗になりました,非目的
チェーンの所にビーズも付いていてとても可愛いです,非目的
アップライトピアノの下に敷く為に買いました,目的
運動不足で太ってきたダンナ用に購入,目的
０坪の庭に洋芝の種まきをする為に購入,目的
豆以外にもスープを作るのに使いました,目的
シャワー時の抜け毛が以前よりは減ってきているようです,非目的
早くから絵本に興味を持って本を好きになってくれたら良いと思っています,非目的
子どものぬいぐるみを入れるのに使っています,目的
園に来ていくのに購入しました,目的
私は関節より根元が太いタイプなので小指以外の指だと０サイズｕｐでも少キツく感じるかなっていう印象,非目的
観葉植物を載せるのに購入したのですが,目的
年内に完成予定の新居用に購入しました,非目的
バレーボールの練習に使用するために購入しました,目的
子供と公園に遊びに行くのに使います,非目的
０匹の猫がおりますがあまり毛が付かない感じの表面です,非目的
長さもだいぶ調節できるしありがたい,目的
子供とレジンアクセサリーなどを作るのに購入しました,非目的
子供の保育園で使うエプロン作製用に購入,目的
酸味もほどよく美味しいですスーパーの安い梅干しはもう食べられません,目的
妻のセンスで自宅用に購入しました,非目的
母が言うには砂糖と同量で使えるから楽とのこと,非目的
旦那が趣味に始めるために購入しました（．．＆＃０；＆＃０；＆＃０；．．）気に入っています＆＃０；＆＃０；（＊´＆＃０；‘＊）＆＃０；＆＃０；,非目的
保育園で遊んで濡れた服を入れるのに購入しました,目的
会社で輪ゴムを引っかけるのに使用しています,目的
冬に車内での仮眠用に購入しました,目的
こちらの商品を併用することで綺麗に整理出来ました,目的
結婚式に利用する為に購入しました,非目的
塾弁当曲げわっぱ０段を包むため,目的
書類などの資料を運ぶために購入しました,目的
使用者男髪の長さは目にかからない程度目的直毛で扱いにくいためパーマ風に癖をつけるサイズ小さめなので一度に挟める髪の量は少ないですが径が小さいため比較的短い髪でも挟みやすい温度０℃の割にはセット力がない気がする（髪の毛に触れると０℃を維持できていないのかも）総括既にいくつかのヘアアイロンを使ってきた人がメインで使うには物足りないかもしれないがコンパクトで価格も手頃なことから旅行用や初めてヘアアイロンを試してみたい人には良いと思う,非目的
離乳食を作るのに購入しました,目的
前機種用ｍｉｃｒｏｕｓｂケーブルを生かすために購入,目的
主に手作りおやつのカロリーダウン用に使っています,目的
冷蔵庫で夫の缶ビールを冷凍庫で保冷剤を入れるのに購入,非目的
屋外で多肉植物を育てるために購入しました,目的
とにかく持ち運びを楽にするために買いました,非目的
本体は軽量で使いやすくこれからも活躍しそうです,非目的
自転車に取り付けるために購入しました,非目的
写真や動画をｐｃに移動させるために購入,目的
壁に布を貼る為に購入しました,目的
亡くなった愛犬の遺影にするために購入しました,目的
スイミングで使用するために購入しました,非目的
台所で家電の目隠し用に買いました,目的
すくすくチェアなら足置きにしっかりと足を付けて食べることができるので良かったです,目的
可愛いくておしゃれです,非目的
結婚式で使うのに購入大きさもいい感じですワイン色を購入しましたが写真よりも落ち着いた色合いで気に入りました,非目的
刺し子は初めてなので練習用に買いました,非目的
子供の散らかしたおもちゃをささっと片付ける用に購入,非目的
オリジナルドレッシングも簡単にできます,目的
思っていたより少し小さかったかな,非目的
主に釣りやキャンプなどアウトドア用に購入しました,非目的
ジーンズを洗うのに使ってます,目的
はちみつ漬けの梅干しは初めてで試しに購入しました,目的
実家で同じ物を使っていてとても良いので新居用に購入しました,非目的
ダウンコートのフードのファーを取り替えるために購入しました,非目的
今回店頭でｐ社ｋ社も比較検討したのですがお手入れに余裕のある時用としてメイン機をこちらにしｋ社のものを時短用に買いました,非目的
布団を干すため,目的
主人の仕事に持って行くお弁当用に購入,目的
貴重品は真ん中,非目的
商品が届き子供が見た瞬間にかっこいいありがとうと喜んでくれました,非目的
ネットでペットの粗相を発見するのに便利という記事を読み記事からのリンクで購入しました,目的
仕事で支給されたｉｐｈｏｎｅ０用に購入,非目的
子供とマイクラをやるのに購入しました,目的
マキネッタを使用するため,目的
英語の勉強に使用,目的
娘の仕事用ｐｃを入れる為に購入,目的
仕事でデーター整理用に買いました,目的
軽くて薄いマイクロファイバータイプのものは風が通る気がしてなんとなく頼りなくて厚手の毛布っぽいひざかけを探していました,非目的
とても軽くてレンズ面が大きいので広い視野を確保できる商品です,非目的
軽くて丈夫で大切な思い出の品物を入れたので今回は防災グッズをまとめて入れるために買いました,目的
今月遊園地に行くのに使おうと探した結果レビューが良かったこちらを購入しました,非目的
良いみたいです,非目的
あまり使わないものだから安くて充分,非目的
男子高校生の通学かばんにぴったりです,目的
ｗｉｎｄｏｗｓ０→０へグレードアップ後にファイル履歴用に購入しましたが原因不明のエラーファイル履歴用ｕｓｂとして認識されませんと表示が出て使えませんでした,目的
防災グッズを入れるために購入,目的
問題なく使えます,非目的
衛生的に持ち運べ良かったです,非目的
まだ一人では折り畳んだり広げたりは手をはさみそうでやらせてません,非目的
車内で使う扇風機用に購入しましたが問題なく使えております,非目的
車のラゲッジルームに敷くのに購入しました,目的
オレンジを購入しました,非目的
母のかつらをのせるために購入しました,目的
とっても可愛らしいのが出来娘もお気に入りのバッグになりました,目的
夏休みプール等に行くのに購入しました,目的
ゴミの日までこのゴミ箱に入れてます,目的
よかったと思います,非目的
仕切りもあるし必要最低限の物（財布スマホ化粧品折り畳み傘）も余裕で入ります,目的
このソファは膝掛けを倒せばベッドとしても使用出来とても重宝しています座り心地もしっかりしていて別売りの脚も購入したのですがソファ下の掃除もしやすく購入して良かったです,目的
冷蔵庫でお米を保存するのに使ってます,目的
スマホを収納するために購入しました,目的
スペーシアにリアスピーカーをつけるために購入しました,非目的
キラキラの立派な兜飾りでした,目的
服も蝶ネクタイも値段の割にとてもいい感じですがサスペンダーはちょっと安っぽい感じがしました,非目的
太いベルトを選びました,非目的
沢山荷物入りますしヘビロテしたいと思います,非目的
きちんとした本も読んでみたいと言っていたので買って良かったです,非目的
イヤリングを趣味で自分用に作ったりするのに,目的
見た目的には満足です,非目的
これまでネット通販は何度もしていますがこのような商品は初めてです,非目的
表面は安っぽいかなって思いますが値段相応だと思います,非目的
梅シロップを作るために購入しました,非目的
疲労回復にはとても良いといってました,目的
学校ボランティアで使うために購入,非目的
旅行に行く為に購入しました,目的
住所印をポンッと押すだけ保護者氏名にポンッと押すだけ,目的
たくさんのおむつを保存するために買いました,目的
コレクションを整理するのに利用しています,目的
お弁当箱を包むのに使う予定です,目的
だいぶ取れてきましたが,非目的
衣替えの衣類を収納するため,目的
ラップブレスを作るのに購入,目的
車好きの息子も大変喜んでいます,非目的
組み合わせて階段状にして使うために購入しました,目的
リビングで部屋干し用に購入しました,目的
０か月の子供を家事の間におんぶするために購入しました,目的
財布を入れて出かける為に購入,目的
カスピ海ヨーグルトを作るのに利用していま,目的
着け心地はとてもいいです,非目的
バラを這わせるために購入しました,目的
おもちゃ入れに他のサイズも購入予定です（ω）,目的
音楽を聴くために購入,目的
まだ届いていませんが同じのをウォーキング用に使用しています,非目的
テーブルの上などに飾っても可愛い,目的
ただひとつ配送連絡メールが商品受け取り後に届いたので星マイナス０つです,非目的
遊びで付けるのに買いました,非目的
普段運動しないため体を動かすために購入しました,目的
他のメーカー品ショップチャンネルで販売されているを買って使っているのですが安いので他の窓用に買ってみました,非目的
生地もしっかりしていて沢山入りそうで良いと思います,非目的
ヒールの擦れを予防する,目的
思ったような生地でとても使いやすかったです,非目的
寒さ対策にも使えると思います,目的
０段あるので資源ゴミを分別するのにいいです,目的
停電して生活に困ったので防災用に購入しました,目的
競技用とかそういった種類しか使えないと感じます,非目的
０－０－０母に送るために購入しましたがとてもきれいで中古とは思えないほどです,非目的
以前娘のワンピースを作成するのに購入しとても縫いやすく可愛いかったので今度は自分用のワンピース作成の為に購入しました,目的
メールにはお届け予定日０月０日から０月０日頃お届け予定と０日前後になっています,非目的
ホームパーティーで大皿料理を出す時に各自で取り分けるのに使いたいと思います,目的
洗濯槽のカビや汚れを落とす為に購入,目的
色違いも欲しくなりました,非目的
内枠付きでアクリルもつけたのですごく重くなりましたが見た目が良くて満足です,目的
とめやすくて気に入ってます,非目的
ショートコースや練習場に行くのに使ってます,非目的
０－０－０仕事で使うために購入しました,非目的
今回も迅速な対応をしていただきありがとうございました,非目的
ベッドサイドにひく為に購入しました,目的
ラッシュガードの中に着用するために購入しました,目的
寝室のテレビでｄｖｄを見るために購入,目的
冷たいものはまだ試していないのでわかりません,非目的
寝ても滑らないので良いです,目的
繊細で光り方も綺麗でとても満足しています,非目的
直接飲むのと残留農薬を除去するために買いました,目的
ランニングに使うために購入しました,非目的
あこやと比較してしまうと違いはあるでしょうが単体ではとても見栄えする品だと思います,非目的
大判で洗面用にいくつも置いています,目的
購入前はパネルの固定に多少不安があり別売りの固定バンドをどうしようかと迷いましたがとりあえずパネルのみを購入しました,非目的
値段が安くて良かったです,非目的
いつもは０枚パックの方を購入しています,非目的
四ノ三の縫い針で絹綿紅梅や絹の浴衣を縫うのに使いました,目的
水蒸気の量が思ったよりも多くデザインも気に入っていますライトアップもオシャレでオフィス用と車用に購入しましが寝室にも購入考えています,非目的
薄手の封筒を作るのに購入,目的
公園でかぶる用に購入しました髪を結んだままかぶれる帽子を探していて見つけた瞬間かわいくて即購入,目的
予算の範囲内ですし当日が楽しみです,非目的
私はコンタクト使用なので洋裁の細かい部分を仕上げるのに使ってます,非目的
足元寒さ対策用,目的
地区の夏祭りで使うために購入しました,非目的
初めてギターを弾くために購入しました,非目的
キャメルベージュを購入実際の色味はショップ画像のキャメルの色でした色が違うところだけ星一つ減らしましたがそれ以外は満足です,非目的
部屋をスッキリさせるために購入,目的
調味料を入れておいたり,目的
ハウスダストアレルギーで鼻水が止まらないため寝室用に購入しました,目的
とても明るくていいです,目的
スリの多いパリでお財布とバッグを繋ぐ為に購入してみました,目的
ハイローチェアに着けるために購入しました,目的
家族とタンデムをするのに買いました,目的
まだ届いたばかりで着ていませんが良さそうです,非目的
あと付属のポーチはジッパーが開きにくくて…別に頂けるポーチがあって良かったです,非目的
サイズ違いでいくつも使用しています,非目的
他の家族を起こさないように,目的
大きすぎず小さすぎずで良いです,非目的
犬のお留守番用に購入,目的
激しい動きでも眼鏡が顔にフィット,目的
ちょっとしたお礼に人にあげるのに買っています,非目的
ピエロのメイクをするのに購入０時間くらいでとれてしまいました,非目的
安全に座れるし自分の特別な椅子があることでしっかり座って食べる習慣が身につきました,目的
引き伸ばした写真を入れるために購入しました部屋の目立つところに飾ろうと思います,目的
洗濯ものを乾かすのと,目的
画像を編集する為に買いました,目的
ｉｐａｄを持ち歩くのにいいサイズを探していた,目的
０センチだと生後０ヶ月くらいまでは超えられないので柵代わりに利用できました,非目的
履き心地も良く品質は確かです,非目的
お尻の部分がバッテンなので違和感がかなり有りそうです,非目的
食器洗い用に使っています,目的
子供がギターを始めたいと言うので,目的
がんばりまーす,非目的
ハンカチをよだれかけとして使うために購入しました,目的
部屋のゴミ箱にするために購入しました,目的
とっても可愛くて素敵でした,非目的
今までおもちゃ,非目的
ウェッジ球装着用に買いました,目的
助かりました,非目的
息子の部活遠征用に購入しました,目的
前向きに抱っこ出来るのも赤ちゃんの目線も楽しくなるのかな,目的
早速ｇ．ｗにｂｂｑへ行くので使いたいと思います,非目的
なかなかないデザインで振り子が可愛いです,非目的
口を潤す為にとても役にたち有り難く頂いてます,目的
会社書類をまとめるために購入です,目的
かなり高機能なのですがなにぶん初心者なので（＾＾；時間をかけてじっくりソーイングライフを楽しませていただきます,非目的
仕事着を洗うのに使ってます,目的
子供がｙｏｕｔｕｂｅを見るために買いました,目的
ピアス穴を掃除するのに使ってます,目的
配送も希望していた時間に届いたので助かりました,非目的
もともとリッチェルのストローマグを持っていたのでお出かけ用に購入,非目的
０ｍｍのマットとラグマットが余裕ではいります,目的
ｗｊと迷いましたが私にはウエーブ機能は不要だと思いこちらにし予算が抑えられた分アタッチメントセットにしました,非目的
マニキュアが完全に隠せるわけではありませんが控えめなドットのレースと細めでもしっかりしたグログランリボンが大変品良く,目的
娘たちは脇と口ひげに私は脇とｖｉｏに,目的
背面が割れてしまいそれを隠す用に使っています,目的
子供の英語ヒアリング用,目的
高いケーブルも使ったことがありますがケーブルの見た目以外音的な違いはわかりません,目的
安く購入できて良かったです,非目的
四仕切りにかつタッパーが付いているということでしたので,目的
ハーフバースデーの写真を撮るのに買いました,目的
海外の友人にあげるために購入しました,目的
自宅の塀をｄｉｙで下塗りするのに使います,非目的
娘もお気に入りで頻繁に乗って遊んでいます,目的
電子レンジを置くために購入,目的
一眼レフで使うために購入,目的
使う者もしっかりした商品でかなり気に入っているとの事でした,非目的
楽しみすぎです,非目的
視認性をあげる為に購入,目的
ホットコーヒー用にお湯を持っていくために購入しました,目的
とても軽く見た目も良くて使うのが楽しみです,非目的
お弁当箱と水筒を入れる為に買いましたがやや小さかったです,目的
会社で使用するために購入しました,非目的
大きいクローゼットの中に置く為に購入しました,目的
広げていないので製品の良し悪しは分かりません,非目的
足音を少しでも軽減するため,目的
仕事で使用するために購入しました,目的
０ｇと軽さに小学０年生の息子の練習用に購入しました,目的
ハトを追い払うために購入しました,目的
ミニアルバムに使うために購入しました,目的
塗装鏡面にしたくて,目的
おにぎり用では無く普通に梅干しとして食べれそうなものが沢山有りました,目的
ちょっと寒い時に着るのに,目的
普段使っている物を実家用に買いました,目的
休日自宅で作業をする為に購入しました,目的
前車で使っていた０ｗのバラストが余っているので次車に付けるのに購入です,非目的
効果は期待してます,非目的
スッキリしてかっこいいです,非目的
とりあえず星四,非目的
ハサミだったので良く見ると不格好かも,非目的
０日で届きましたー☆二人目用に購入,非目的
ペット臭を吸い取る為に買ったが今後活躍してくれる事を期待する,目的
自転車で夏の強い日差しを避けるのに便利です,目的
引越し先で使用するために購入しました,目的
カシオｇショックソーラー用に購入して,目的
妻が来年の年賀状を印刷するために,目的
赤ちゃんをあやすために購入,非目的
仕事で相手様に配布するために購入しました,非目的
０箱あまりましたが失敗した時用に余分に見立てからです,非目的
確かに少しかけるのに便利ですが少し高い気がします,非目的
中に入れる容量はあまり変わらないと思います,目的
セールになっていたのでボックスアレンジ用に購入しました,非目的
匂いも結構,目的
ゴミを捨てるためにいちいち立たなくてよくなったことは予想外の展開メリットでした,目的
また余分に熨斗が同梱してありました,非目的
梅０キロを漬け込むのにちょうどいい大きさです,非目的
ユニフォームの下に着るために購入,目的
最初に商品を触ったときあれ,非目的
今までジップロックに入れていたバレエシューズを入れる為に購入致しました,目的
大人がちょっと摘めるおやつを入れるために購入,目的
キンカンの砂糖付けを作るために購入,目的
シリコンのエプロンやかしゃかしゃ音のするエプロンでは気になってしまうようで困っていたところこのエプロンに出会いました,非目的
連休に使うために買った商品もあるので困っています,非目的
そのままでも飲んだりしています,目的
ホールの一番後ろからステージをとるために購入,目的
中の商品は無事だったのですが掛け布団は包装もなくダイレクトに入っていたので当たり所によっては切れていたと思います,非目的
旦那の毛量の減りを食い止めるために買いました,非目的
車内でタブレットでお気に入りの動画を見せています,非目的
今回は古くなった物を何枚か入れ替える為に購入しました,非目的
ほとんど音楽を聴くために購入しました,目的
綺麗な黒豆が煮えました,目的
二度と利用したくありません,非目的
自転車用の留め具もレビューで錆びてるのが届いたとあったので心配してたのですがキレイなのが届きました,非目的
中にポケットが二つあり大きい方はスマホｘｐｅｒｉａが縦にちゃんと収まります,非目的
冬にアクセント用に購入しましたどんな服にこのピアスが合うか楽しみです,目的
娘の七五三の写真を入れるために購入しました,目的
少しあらたまった場所にかぶるのにいい気がします,非目的
お正月に楽しむ為に購入しました,非目的
とても薄くてクルマとか屋外にはどうかなって感じですね,非目的
友達とディズニーランドに行くために購入しました,目的
スマホ用のデジタルチューナーを接続するために購入しました,非目的
お米を冷蔵庫の野菜室で保存するために購入しました,目的
解体までは全く問題ない,目的
免許を取るために買いました,目的
座っているだけで姿勢を気にすることができ,目的
お店の対応は迅速丁寧でした,非目的
洗面所におく洗顔石けん用に購入しました,目的
子どもとプールに行くためサーフパンツの下に履くのに購入しました♪履き心地は良いかと思います♪これから使いまくる予定です（＾－＾）,非目的
小学生でも十分遊べる大きさで良かったです,非目的
ランニングで音楽を聞くのに買いました,目的
発送も早くて助かりました,非目的
ありがとうございました,非目的
愛猫に購入カミカミするのが好きなので歯磨き用に購入してみました,目的
厚みもなくお風呂とかで小物を干すのに便利です,非目的
息子の０歳の誕生日祝いに着るために購入,目的
毎日洗濯したいので小さめで薄いタオル地のものを希望,非目的
まだ重いものは乗せていませんが作りがしっかりしていて期待しています,非目的
コンパクトで持ち歩くのにとてもいい大きさです,非目的
あとは小さくできるのでしまうのに便利ですね,非目的
収納時のゴムバンドがあればいいと思いました,非目的
リビングに続いて寝室用に購入しました,非目的
旅行に行くのに購入,非目的
ステージなどでちょっとした変化を出すのにとても便利です,目的
キャンプ場で色んな道具を収納するのに購入しました,目的
節煙出来るかなくらいの気持ちで,目的
カーテンを停めるのに使っています,目的
子供部屋に飾るために買いましたがフレデリックが可愛いので自分の部屋に飾ろうと思います,目的
旦那さんの仕事で使うために購入しました,非目的
思った以上の厚みがあるので足音が軽減できて気にならなくなりました,目的
車の中でｄｓの充電をするために購入,目的
服をもち運ぶために買いました,目的
子供の洋服をいれるために購入しました,目的
子供部屋に置くために買いました,非目的
主に郵便物の重さを計るのに使用しています,目的
充電容量も多いのに価格が安くとても満足してます,非目的
キャンプ用のコンテナボックスに貼るために購入しました,目的
追記着用して気づきましたがリボンが片方には前もう片方は後ろ側に付いていました,非目的
来年から幼稚園に入園するのに購入しました,非目的
入園グッズを作るために購入しました,目的
シチューのパンをのせるのに使ってみました,目的
も簡単でした,非目的
鞄に入れてる時の保護用に購入しましたが意外とかさばらないので鞄に入れても違和感がそんなにないです,目的
ベランダでガーデニング用の土を入れるために買いました,目的
ハーフパンツは動くのに楽チンな上にストレッチが効いてて子供はすごく気に行っています,非目的
バッグに入れて持ち歩く用に購入しました,目的
ラインもきれいで履きやすく動きやすい,目的
コーティング前の脱脂に使用する為に購入しました,目的
ギフト用に購入,目的
メイクの上の汗を拭うのにとてもいいです,目的
まだ使っていないですが変形も無さそうです,非目的
職場の一角にプチジオラマを作るために購入しました,目的
リスを飼っていた時にトイレ用に使っていました,目的
小さいのはわかってたつもりでしたが思ってるより小さかったです,非目的
スライスはまだ使ってないですが,目的
ウエストに丈夫なゴムと紐が通っていて安心です,非目的
卒園式に袴用に購入しました,目的
思ったよりふかふか度合いは普通でフローリングの硬さがお尻に伝わる程度でしたが見た目はレヴュー通りとても良くなによりサイズもあぐらがし易いと旦那はご満悦です,非目的
使い慣れたレーダー探知機,目的
もうすぐ生後０ヶ月になるので記念撮影用に購入しました,非目的
子ども達とワイワイ遊びながら写真を撮ろうとするとスマホケースが泥で汚れるのが嫌で購入しました,目的
建築中の新居で使用するために,目的
玄関の雰囲気がかわり素敵になったので今回も大満足です,非目的
鼻水を吸い取るために購入しました,目的
図工で使用するために購入しました,目的
レンズが濃い色は好きではないのですごく薄く見えたこちらにしましたでも視界は良好で満足です,目的
迷ったけど購入して大正解でした♪,非目的
主に封筒の封をするのに使用するので幅広めのマステを探していました,目的
あまり電気には詳しくないですが簡単に取付出来ました,非目的
我が家は黒いテープ張って凌いでます（；´д）,非目的
今日から寝るのが今まで以上に楽しみになったようです,非目的
前回はピンクで可愛かったのですが光のまわりにぽんやりとピンク色がうつるので今回はシルバーにしました,非目的
トースターと炊飯器とケトルをのせるのに購入しました,目的
しっかりさと重量は反比例すると思うので想像通りの品でした,非目的
男の子でよだれがすごいので洗い替え用に購入,目的
電動自転車に乗せるために購入しました,目的
全部揃ってるので助かります,非目的
もっと安いともっと嬉しいです,非目的
家でそろばんを教える為,目的
子どもと一緒に使うのに購入,目的
ｄｖｄはまだましですが全体的に暗くてアニメくらいなら大丈夫かも見れないよりましなのでこんなもんかなと納得しています,目的
ｉｐｈｏｎｅとカバーの間に写真を入れる為に購入,目的
部屋に飾るために購入しました,目的
こちらのオムツ機能付きパンツにして正解でした,目的
福井県に旅行に行くために買いました,非目的
冬用に購入,目的
金属アレルギーのある妹にピアスをあげるために購入,非目的
仕事で使う用に買いました０キロまで量れるし安定感あっていいですね,非目的
初心者です,非目的
キーリングに取り付けた鍵を鞄の中に入れるとジャラジャラ鳴るし革財布などを傷つけるので収納するために購入しました,目的
参考になりました,非目的
また購入させていただきます,非目的
保育園用に質のいい綿０％の洋服が欲しかったので我が家としてはそれなりに満足しています,非目的
お酒もホットドリンクも全てこのタンブラーで飲んでます,目的
ｋｓｃｍ０ｇｂｂに取り付ける為に購入,非目的
生地も丈夫なのでとても満足です,非目的
主に朝のトースト用に使っています,目的
今まではｍｉｃｒｏｕｓｂケーブルでモバイルバッテリー本体を充電しｌｉｇｈｔｎｉｎｇケーブルでｉｐｈｏｎｅにつなぎ充電していて使い分けるのが面倒でした,目的
本に載っていたので洗髪用に買いました,目的
無料で預けられる最大のモデルです,非目的
今回はまっぷるがなかったので仕方なかったのですがｊｔｂのるるぶよりも地図業者のまっぷる派です,非目的
０人で長く入れておくと嫌がりますが今のところ食事やちょっと離れる時など重宝してます,非目的
迅速な対応でした,非目的
シンプルで学校で使用するのに良いと思います,非目的
子供が保育園に毎月持っていく用に購入しました,非目的
防寒用に使います,目的
フローリングのシンプルな床がグッと明るくなりました,非目的
けがのため慢性的に痛む膝を日常でケアするために購入,目的
子どもの幼稚園グッズを作るために購入しました,目的
０月から保育園に持って行く用に購入しました,非目的
とりあえず炒って使いました,非目的
昨日商品が届きました,非目的
普段０かｓを着用している娘のダンス用に購入しました,非目的
産まれてくるくる子供のオムツやおもちゃ小物を収納するために購入,目的
キティちゃん大好きな娘に保育園用に購入しました,非目的
すぐに届きました,非目的
ハウスダストアレルギーで鼻水が止まらないため寝室用に購入しました,目的
発送も注文の次の日と早かったです,非目的
ジムでランニングやヨガをするために購入しました,目的
貴重品携帯用に購入しました,目的
スマホを守るため,目的
パスタを入れるために購入しました,目的
着易くて,目的
ケース付きなのも良し,非目的
普通のｕｖパーカーでもよかったのですが,目的
梱包もきちんとしてあり満足しています,非目的
目立っていいですよ,非目的
おうどんを茹でるのに使ってみました,目的
ｓｏｉｌが冬は冷たいので上に敷くために購入,非目的
しかしホコリが結構付いていて拭かないといけませんでした,非目的
夏休みに入っても勉強しやすいように,目的
名前記入を短時間ですませるために購入,目的
とっても気に入りました♪洗面台用に使っています♪,非目的
非常に大喜び,非目的
ナインボルトさんの新しく始めたオリジナルエフェクターシリーズの第０弾ということでさっそく購入してみました,目的
シチューのパンをのせるのに使ってみました,目的
家族０人０歳・０歳・０か月でも十分寝れます,非目的
使うの楽しみ,非目的
脱いだ服を一時的に入れておくために購入しました,目的
手術創をカバーするために購入,目的
椅子に敷くために購入してみました安価でも滑り止めも付いているしフカフカ感もあって購入して良かったです,非目的
ラケットが０本収納でき色違いで複数バージョンあるのでイベント用に利用し易く普段使いで活躍してくれる事でしょう,非目的
メンテナンス用に購入しました,目的
赤ちゃんとお風呂に入るために購入しました,目的
買ってよかったです,非目的
大変使いやすく値段も安いので満足です,非目的
トースターやレンシレンジ等を置くのに使用,目的
また冬場の防寒にもつながったと書いていた方がおられたのでそちらにも期待したいです,目的
０,非目的
旅行中に夜間照明をつけたり消したりするために購入しました,目的
ハンディタイプとしても使えるので鞄の中や狭い場所など綺麗にできて,目的
複数台同時に充電するために購入しました,目的
梱包商品の包装もプレゼント用ピンクの包装紙で包装していただきかわいいです,非目的
針入れ折れ針入れ針山ケース,非目的
薄いサラッとした生地でホットヨガに最適です,非目的
色合いも大きさも思っていたとおりでした,非目的
ネイルのスクールで使う為に購入しました,非目的
画像もそうなっていますがパープルは赤紫でした,非目的
転倒の衝撃を和らげる為,目的
主にサバイバルゲーム時の荷物運搬用に購入致しました,目的
普段使わないものを片づけるために購入,目的
無脂肪高タンパク質のヨーグルトを作るのに使います,目的
もともとはネイビーでしたがテラコッタにしました,目的
思っていた以上に汗が流れてこないです,目的
両側についたペットポトルを入れられるポケットは濡れやすいのですぐ乾くナイロンメッシュで作られている,非目的
室外で布団干し用に購入しましたが,目的
洗面場に取り付けドライヤーをかけるのに使用,目的
吹雪の時に車に閉じ込められた時に使えるように車に常備して置きます,非目的
家庭菜園の野菜を洗ったりするのに購入,目的
初めての樹脂粘土なので楽しみです,非目的
高校生の息子に通学用に購入手のひらのクッションがかなり良いと言ってます０－０－０,非目的
その割になかなかパワーもあり少し時間はかけるようにしてますが重宝しています,非目的
厚紙プチプラに巻かれて封筒で届きました,非目的
段ボールに必着日をきちんと明記してあるにも関わらず０日も日にち違いで届きました,非目的
まだ使用していませんが発送は普通でした,非目的
もう少し太い方がよかったなと思いました,非目的
先輩も買っていて良さそうだったので仕事用に購入しました,非目的
とっても可愛いので幼稚園用に購入しました,非目的
すぐに送って頂けとても気持ちのいい取引をしていただきました,非目的
青パパイヤを切るのが凄く楽になりました,目的
三歳次男が保育園デビューします,目的
まだ購入したばかりなので・・その他電気屋さんでも見てましたがこの価格で送料無料で上下に温度も分けられるのはこちらでしか手に入らないと思います,非目的
野球のユニフォームを洗うために購入しました,目的
見た目もオシャレで店舗での食材を入れるのに使っています,目的
会社で貸与されたスマホ用に購入,目的
半袖レインウエアは珍しいので高温多湿の時期の外作業用に購入,目的
ブルーレイプレーヤーとテレビを接続するために購入,目的
引き出しがパソコンをしまうのに便利と好評でした,目的
鳥飼いのセキセイインコを長期キャンプ等に連れて行く為に購入,目的
ジャスダンスのクラスで履くために購入しました,非目的
トイレには０分がちょうど良いです,非目的
ｉｐｈｏｎｅ０のレザーケースを作成するために購入,目的
なかなか気に入っています,非目的
０インチのｔｖを置くために購入しました,目的
たまにしか使わないものですし一つ持っておけば安心かと思います,非目的
また利用させていただきます,非目的
子供の心配があったので０の方法で取り付けました,非目的
子供の服を作るために購入しました,目的
やりにくく私は爪も長いので一人でつけるのにとても大変です・・・,非目的
疲れやすい体質なのでスタミナをつける為に購入してみました,目的
イザという時に連絡出来ると思うと安心です,目的
０歳０ヶ月の娘に狭い洗面所で使うのに購入しました,非目的
使用感も問題ナシです,非目的
この手のクロコ柄は型押し部分が品によって柄の大小が違うので出来れば店頭で自分で選びたいところですが手元の物はバランス良い感じで良かったです,非目的
子供の机のゴミを集めるのに使っています,目的
ハンドメイドで使うゴールドのアクセサリー用に購入しました,非目的
麦茶パック０袋を入れるために購入,目的
部活で使用するために購入です,非目的
頑丈なのでほかにも使えそうです,非目的
こちらのハサミは倍力タイプで軽い力で切れるのが良い,目的
遠方に住む義母の誕生日用に購入しました,非目的
荷物が多い私には０泊は無理そうですがちょっとした小旅行にはちょうどいいです,非目的
小さくとても軽いです,非目的
肩掛けだと手持ちが少し太めで片方の輪っかだけ落ちやすいかな,非目的
デザインもとても可愛い,目的
グリーン購入,非目的
重宝しているシリーズがいつもなら０円近くなのにこの値段で買えるのが有難いです,非目的
最近はもずく酢やところてんおきゅうと等暑さゆえに夏な感じの酒の肴を入れて晩酌時に活躍してます♪山芋を短冊切りした物を梅肉と白だしで和えたものも盛ったりさいの目切りの豆腐と納豆と枝豆を和えたものも器と料理の相性良かったです,非目的
０．０キロ０センチ普段０を着ており０を購入しました,非目的
娘が赤ちゃんを連れてきた時用に購入しました,目的
一緒に換羽期用に購入したネクトンｂｉｏを水に入れたら黄色になって嫌がったためネクトンｂｉｏによる飲水量の減少のためかは不明ですただペレットに振りかけたらおいしいようでまずペレットについたベネバックを舐めてからペレットを食べているようですせっかく気に入ってくれたので続けてみようと思っています,目的
子どもの足音を軽減するために購入,目的
ペットボトルや白トレーなどスーパーで回収するゴミを入れるために購入しました,目的
作業中は特にズボンにぶら下げて使うことはしませんでしたが作業完了後道具をしまうのに利用しています,非目的
思ったよりコンパクトでした,非目的
卒団式用のスライドショーを作成するのに購入しました,非目的
子供の砂場のオモチャを入れる,目的
間に合うように届けて頂き本当にありがとうございました,非目的
さらに多少弱いように思えます,非目的
これでしばらくは安心して生活ができます,非目的
祖母がデイケアに持っていくのに購入した物の送料無料の金額調整で購入,非目的
他の方のレビューを参考にポータブルｄｖｄプレーヤーを設置するのに購入しました,目的
ｕｖカットもしっかりされており涼しい日陰を作ってくれる,非目的
真ん中の棚板が可動式ではなくそれもあってあわせて購入した引き出しの取り付け位置にちょっと悩んだので星０つにしましたが本棚本体はしっかりした作りで満足しています,非目的
助かってます受注番号０－０－０購入日時０年０月０日０時０分０秒,非目的
とも思いましたが実際にドレスと合わせるとバランスも良くキレイでした,非目的
本当にミニ寸なので出掛ける直前でも安心です,非目的
キッチンに作業台を設置する為に購入,目的
ガウチョを製作しましたがとてもサラサラで肌触りが良いです,非目的
０－０－０,非目的
髪を洗った後にまとめる為に購入しました,目的
大きさはちょうど良いしお値段的にも安かったです,非目的
まだ小さな子供達ですが大きくなっても使っていけそうです,非目的
ノーマルのタンクと付け替えるだけでオシャレと安全性が上がるので便利です,非目的
キャスターで動くのも便利です,非目的
旅行に行く時に子供のお世話グッズを入れるために購入しました,目的
本を挟んで絵を見ながらお絵描きをしていました,目的
お菓子を乗せるのに使おうと思っています,目的
格安ｓｉｍで使う為に購入しました,非目的
大満足です,非目的
因みにバイクの洗車用に購入しましたが,目的
これなら直接送ってもよかったです,非目的
０ヶ月くらい使ってますがまだまだ綺麗な状態なので意外と耐久性もあると思います,非目的
落ち着いたオレンジ色という感じ,目的
商品が届くと思っていたより少し小さく感じましたが使用してみるとちょうど良い大きさで良かったです,非目的
毎朝野菜ジュースを作るのに購入しました,目的
白い吹き抜けの壁にちょうどいいアクセントになり気に入りました,目的
熱伝導率は良いように思います,非目的
どうにもまとまらず収納にも困っていました,目的
思ってたよりスリムでした,非目的
秋にユニバーサルへ行くために購入しました,目的
無味無臭で使いやすいですね,非目的
カウントダウンパーティーに使う為に購入しました,目的
こちらの商品は大きさパールを変えて０つ目ですがこちらが一番カジュアルな印象です,非目的
リハビリの疲れをとるために購入しました,目的
幼稚園のお遊戯会の時に上履き入れや子供のジャンバーなどかさばる物を全部入れられてかなり大活躍でした,非目的
来客時にも美味しいコーヒーをお出しするのに使えますので便利,目的
庭で子どもがバッティング練習をするために購入,目的
古いｄｙｎａｂｏｏｋｒｘ０が遅いのでメモリーを増やすために購入しました,目的
おもちゃを置くために購入しました,目的
しっかり安定しているのでいっぱい物をかけれそうです,目的
お弁当にいれる野菜をスチームするために買いました,目的
自分用だと０セットでいいかな,非目的
単三電池をよく使うのでストック用に購入しました,非目的
私は身長が０センチ程と小柄でロングドレスやインナーを選ぶ際苦労するのですがｓ丈を選んで丁度良かったです,非目的
お古の空気清浄機をもらいフィルター類を取り替えるのに購入しました,非目的
金物パーツを整理する為に購入しました,目的
余りに良すぎて足にあたる位です,非目的
兄弟でランドセルを置くのに使おうと購入,目的
マグライト,目的
スプリングマットレスの上にのせる用に,目的
それ以外の角部分に使用するために購入しました,目的
配送早いです,非目的
引越しで着物を収納するために購入しました,目的
膝のレースが可愛いですね,非目的
クリスマス会で使用するために購入しました,非目的
急遽プロジェクターに繋ぐ為に購入しました,非目的
なかなかいい感じになりました,非目的
何かを手に持ちながらテレビに向かっていく度にヒヤヒヤしておりましたがこれで安心です,非目的
他の糸（スパン）は小さいサイズを使っているからか切れないのですが・・,非目的
ｂｂｑでサムギョプサルをするのに購入,目的
新しい筆は毛が抜ける事もなくとても書きやすかったです,非目的
色はどちらもグレーなのですがかなり他メーカーより室内が暗くなりました,非目的
幼稚園に持ってく為に購入,非目的
お腹ぽっこりになってきたので引き締めるために購入,目的
ｄｖｄを再生するだけなら,目的
娘に焼き菓子を作るのに購入,目的
キッチンの換気扇を分解清掃するのに使っている,目的
大人０人と子ども０人の我が家には一週間ぶんのプラスチックごみを入れるのにちょうどいいサイズです,目的
伝い歩きの練習にもなっているので購入してよかったです,非目的
娘たちの分は楽譜を貼る用に買ったのですがばっちりでした,目的
前機種用ｍｉｃｒｏｕｓｂケーブルを生かすために購入,目的
孫がリングガールをする為に購入しました０歳０ヵ月ですがサイズ０がぴったりです,目的
産まれた新生児用に使っていますそこそこ泣き止んでくれるので満足してます,目的
フィギュアを置くために購入しました,目的
収納もしっかりしておりとても軽いバッグなので購入,目的
０人家族で大きさも十分,非目的
かわいいしお買い得でした,非目的
表千家のセットで五寸の扇子が必要だった,目的
安くてまとめ買いに便利でした,非目的
毛玉を取るというよりも毛並みを整えるような感じで手入れをしていくのにいいと思います,目的
まだ着せていませんが見た感じは若干小さめな印象です,非目的
膨らみ具合がちょうどよくフィットして触り心地抜群です,非目的
今まで使っていただっこ紐が私の小柄な体型に合わずでもこちらは大丈夫でした,目的
バックに付ける用に購入,非目的
インジェクション用エキパイをエボに取り付けるのに使用しました,目的
レジンで名前入りのキーホルダーを作るために購入,目的
なんといっても価格が安価なため加工失敗のダメージが少ないと思います,非目的
とても簡単でかわいいです,非目的
真っ暗な部屋で眠りたい人は検討が必要だと思います,非目的
妊娠後期になり会陰マッサージ用に購入,目的
キッチンでお菓子やお弁当用具入れるのに購入しました,目的
いい買い物できました,非目的
旅行でバックパックをするために購入しました,目的
部屋で見たところ脇石はあまり存在感はありませんが夜のレストランなど多方面からの間接照明などで照らしたらキラっとすると思います,非目的
花粉症の為この時期外に干せない為屋内用に購入しました,非目的
週末の餌やりのために買ったので,目的
しりしりやなますを作るのに使いたかったのですが…でも使い心地はいいのでツマ用にしたい,目的
みなさんのレビューを見て予想はしていましたがボブソン祭り,非目的
トートバックの中身を整頓するのに購入しました,目的
着用した感じは楽で着やすく見た目も可愛い,目的
今回は０枚購入で金額はそれなりになったが長持ちしそうだし子供達も安全に遊べることを考えたら良い買い物と言えると思います,非目的
冷たいものを入れるのに購入しました,目的
と割り切ることにしました,非目的
雨降りの日に使ってみたところしっかり雨をはじいていました,目的
商品もコンパクトに収納できるのに使う時はたくさん入るので大満足です,非目的
ｗｉｆｉ一覧表示させてパスワードを入れるだけで一発で繋がりました,目的
お安く購入でき嬉しいです,非目的
幼犬からコードを守るために購入,目的
ａｃｅ商品で丁寧な作りです,非目的
壁に貼ったら落ちてきて子に当たったら大変なので木の家具に貼り直しました,非目的
こどものベッドに置くために買いました,非目的
シンプルで使いやすくて良かったです,非目的
小さいサイズなので鞄に入れても邪魔になりません,非目的
０度使ったきり料理には使っていません,非目的
息子の投球練習を受けるために購入しました,目的
軽量で静音キャスターファスナー開閉もスムーズでスタイリッシュなデザインです☆０番の購入の決め手はフロントオープンポケットです,非目的
授乳の際洋服あげるのに使いたいと思います,非目的
ストレッチをするために買いました,目的
中古で買ったインプレッサ用に買いましたが滑りにくさや毛並みは純正に負けておらず満足です,非目的
洗濯出来るものをと保育園用に購入しました,非目的
子どもの熱を測るのに使います,目的
がんばって応援します,非目的
小腹が空いた時用に購入,目的
ディズニーランドにいくのに買いました,非目的
温度と湿度のみとってもコンパクト,目的
絵カードをラミネートするために購入しました,目的
ｔｖを走行中に見るために購入しました,目的
腕周りは０のタンクトップを着ると見えてしまうので見えないように工夫が必要かな,非目的
ｌｅｄの不良や極性を確認するのに便利です,目的
ほかの柄や無地のものなど種類が増えると嬉しいです,非目的
ビジネスで使用するために購入,非目的
手に取ってみるとしっくりと馴染んで持ちやすいです,非目的
フリマで商品を包む,目的
公園で遊ぶ場合でも特に動きづらそうな感じはありません,非目的
乾きが早いので洗面所の手拭き用に使っています,非目的
水筒を乾かすのにとても良い商品です,目的
雨の日でも自転車で習い事に行くために購入しました,目的
基本的には自分の場合重さはこのホルダーに任せて大丈夫でした,非目的
ハーフサイズのフリース毛布ってなかなかその辺で売ってないのでいい買い物ができました,非目的
あまりグラグラせず丈夫です,非目的
ネックレスに使うのに購入,目的
トイレに使用するために購入しました明るさもじゅうぶんで取付も簡単でした,目的
動物ポンポンで小鳥のくちばしや尾を作るために購入しました,目的
時計の読み方を覚えるには良いと思います,目的
新規オープンの店で使うのに購入しました,非目的
ですが衣装の作りやデザインが良いので☆０で,非目的
色が０色しか選べないのでもう少し選択肢が欲しいです,非目的
雨水タンク内にいれる水中ポンプの電源用に購入しました,目的
ドームに応援行くために購入しました,非目的
野球の帽子を飾るのに購入しました,非目的
ハードレンズによる瞼下をなるだけ防ぐ為に購入しました,目的
軒下で子供達炭火焼肉用に購入いたしました以前使用していた投光器が壊れてしまい省電力のｌｅｄにしました大きさは思っていたより大きく明るさは明るいですただバイス式でないのが残念す,非目的
商品到着も早かったです,非目的
臭いも気になりません,非目的
ジャケットを作るために購入,目的
携帯への接続が悪かったのか充電できませんでしたその後問題なく充電されました,目的
割った雪を道路の端に寄せるのに使った,目的
注文後０週間程度で届きました,非目的
折角なので正しくパスタ用に使おうと思います,非目的
子どもも風船が元通りになり喜んでいます,非目的
お彼岸のお彼岸のお供物をお供えする為に購入しました為に購入しました,目的
首降り音も気にならず快適です,非目的
バイク用の電源を取り出すために購入,目的
余りますが切らずに使用しました,非目的
可愛いです＆＃０；,非目的
毎日０時間は必ずイラストを描くのに使用してますが電池は０時間持つか持たないかです,非目的
スイングする蓋が中の袋に引っかかってゴミを入れた後蓋が閉じない事がしばしば,目的
布団を暖めるために購入しました,目的
ゴマだれや梅味噌ドレッシングなどを作って保管するのに使ってます,目的
年始年末の海外リゾートで使う為に購入しました,非目的
作業も簡単にできたようです,非目的
キュウリの手を取るのに購入しました,目的
安く買えて良かった,非目的
今は主にキッチンまわりで掃除用に使ってます,目的
納車装着はまだなので期待を込めて星０つ,非目的
って感じなのでトラベルジュエリーなどでキュービックジルコニアを購入する際はカットの良い物を選んだ方が無難でしょうね,非目的
ちょっと大きめですが暖かそうなので使うのが楽しみです,非目的
こちらの商品はシグニティ社のカットが施されているので割とダイヤモンドに近い輝きだと思います,非目的
額縁を飾るために購入しました,目的
０型ｔｖを置くために購入,目的
革を染める為に購入しました,目的
旦那さんが夜間の仕事で使うために購入しました,非目的
家族０人分の靴を整理するために購入しました,非目的
サンキャッチャーを作る為に購入,目的
このリュックは,目的
ノートパソコンとマウスを置くのにとても良いサイズでした,目的
色違いも検討中です,非目的
オリジナルｉｐｈｏｎｅケースを作るのに購入しました,目的
牛乳パックを干すのに使ってます,目的
子供が小学校に入学してハリキッてドリルをやっていますが足し算で数を数える為に購入,目的
移動中音楽を聴くのに使っているようです,目的
この生地は柄が大きいので折り方によって印象が変わるのでお気に入りです,非目的
子供のサッカー用品を入れる為に買いました,目的
食器もたくさんある方はこれだけでは足りない,目的
正規販売店なので安心して使用することができます,非目的
サイズが少しあってないのかシワがよります,非目的
すぐに届いたので良かったです,非目的
物を乗せたらガタガタしなくなりました,目的
ストラップを作るために購入,目的
手や口を拭くのに利用しています,目的
少し指紋が残るのが気になりますが強度はバッチリです,非目的
商品は正規品で本体付属とおなじものだそうです,非目的
バッグにチャーム代わりに巻くために購入,目的
和風のコスプレをするのに使用しました,非目的
購入したバッテリーを予備用に差し上げましたがカメラの寿命が延びた,目的
家族でダイエットするのに購入しました,非目的
０倍で花全体の毛の色を観察し,目的
朝前髪とちょっとしたうねりを治すために買いました,目的
杏仁豆腐を入れるのに使いたかった,目的
スマホや鍵小銭などを入れるために購入しました,目的
庭に敷くために購入しました,目的
保育園に入園する息子の洋服用に購入,非目的
スマホで音楽を聴くために購入です,目的
ジェルキャンドルをハンドメイドで作るのに使いました,非目的
寝ていても身体が痛くて眠れないということもありません,目的
らっきょう０ｋｇを漬けるのに購入しました,目的
ｄｉｙでテーブルを作るために購入しました,目的
タブレット購入初日に落下フレームにヒビが（泣）とりあえず用に購入するも商品として十分です,目的
既製品の０枚の値段で０枚作れるところも魅力だしこのタイプのデザインは半分にしても柄が変わるので０枚持ちしても◎,非目的
幼稚園で使う為に購入しました,非目的
模倣絵画を飾るために購入しました,目的
貼りにくいとかはなかったのですが小さな気泡チリがポツポツと入ってしまいました,目的
ただ隙間部分が何かの拍子でちぎれるのではないかとヒヤヒヤしながら伸ばしています,非目的
最近地震が多いので会社用に買ったのですが更に個人用で０個注文してしまいました,非目的
お弁当作って配達するのに便利,目的
トランクでポータブルバッテリーの充電する為に購入,目的
娘の部活で使う為に,目的
腰痛改善のためインナーマッスルを鍛えるのに買いました,目的
家の可動棚を増やすために購入,目的
子供がお菓子を入れるのに買いました,目的
体型も隠せるし,目的
ちょっとしたメモをとるのに便利に使えそうです,目的
笑オシャレさはありませんが目立たないので良いかもしれませんね,非目的
絵を目で追っているので興味はあるのかもしれません,非目的
前髪はもちろん毛先をはねさせたりするのに便利です,目的
キッチンでペットプラ燃えるゴミを分けるために,目的
早速数本使いましたが問題ありません,非目的
ハクを作るのに購入させていただきました,非目的
孫の浴衣を縫うために購入しました,目的
一つくくりだと少し小さく感じますが二つにくくるとちょうどいい大きさです,非目的
ビニール製なので上げた時に水切れも良いです,非目的
お風呂場のバスマットを掛ける用,目的
部屋の隅に柱があり裁断もお願いしたかったためサイズを何回も測り,目的
テプラで分別するために買いました,非目的
息子たちの保育園グッズに貼るために購入しました,目的
一生使わないで終わればそれが一番,非目的
携帯の充電は海外で毎回困るので購入して良かった,目的
夏の体育館での練習で汗をたくさんかくのですが普通の綿のｔシャツのように濡れた感じがしないそうです,非目的
０歳の誕生日に着せるのに購入,非目的
部屋はひろいですが手軽に使用でき満足です,非目的
お礼状を書くために購入,目的
家のガラスの汚れを取るのに使用しましたが軽いので持ち運びが楽です,目的
これで日焼けの心配もない,目的
と喜んでいます,非目的
生地がしっかりしていてマチがあるのでたくさん入りそうです,非目的
旅行に持って行くのに便利です,非目的
汚れから守るために購入したものすべてに防水スプレーをする癖がついています,目的
別のマウンテンバイク用に使用しています,目的
実店舗含め気に入ってリピートしています,非目的
舞台に使うために購入,非目的
かなり容量があり満足してます,非目的
黒を買いましたが一枚で着れるしかわいいです,目的
ピアノコンクールに持っていくために購入,非目的
控え目ですが存在感がありお洒落です,非目的
ライトの明るさ,目的
これから練習の時に着ると思います,目的
子供とのプールで使用するために購入,目的
なので充電タイプの電池を使用,非目的
掃除機を出すのが面倒なパッと目についたゴミを掃除するために購入,目的
ガーゼタオルといっても薄すぎず厚すぎずちょうどいいです,非目的
商品的にはお安くてとても良い,非目的
子供の勉強椅子に使う為に買いました,目的
文章を読むには紙の本を読んでいるのと同じような感覚で読めます,非目的
でも実際に使ってみると少し薄いほうが使いやすいということが分かりました,非目的
おもちゃなどをしまうのに便利,目的
沖縄旅行で着るために買いました,非目的
足のサイズは０．０ｃｍです,非目的
緑ですが普通に見ると濃い緑なのですがスキー場ではあたりの白さとの関係でしょうか蛍光色に見えます,非目的
一回分のパン生地を捏ねるのに購入しました,目的
引き伸ばした写真を入れるために購入しました部屋の目立つところに飾ろうと思います,目的
インフルエンザや風邪の予防にと初めてマヌカハニーを購入しました,目的
ツイードのボレロに付ける為に購入しました,目的
春に沖縄旅行へ行くので軽く物を入れて持ち歩きするのに購入しました,目的
お酒を割るのに使ったり,目的
今の所問題なく使えてるみたいです,非目的
音が大・小と変えることができ歌をおぼえるのにとてもいいです,目的
偽物が横行する中この商品は確かにニコン製です,非目的
予習と授業で分からなかったことを復習するのに使っている,目的
寒くなってきたのでもう０枚洗濯用に購入しようと思います,非目的
ありがとうございました,非目的
キッチンペーパー立てに立てて使っています,目的
息子のサッカーチームで使用するために購入,非目的
授乳ブラなんてどれを使っても大して変わりないと思っていました,目的
砂糖塩には使用しないようにとありましたが砂糖に使用する為に買いました,非目的
０キログラムでこのお値段はとてもありがたいです,非目的
ジムで泳ぐ時用に購入しました,非目的
この手帳はスケジュール以外にも少しスペースがあってちょっと書き込むのに便利です,非目的
色もロータスピンクがキュートです,非目的
すっきりしました,非目的
仕事で使うために購入しました,非目的
画面も拭けるので便利です,目的
子ども達も猫の絵がかわいいと何度も繰り返し読んでいます,非目的
片付づけに,目的
安くて発送も早く翌日に到着しビックリでした,非目的
バッグの中に毎日入れて持ち歩くのにとても重宝しています,非目的
冷凍肉を運ぶのに使いました,目的
保育園の遠足で使うのに購入しました,非目的
やはり素敵なグラスで飲むと美味しさも格段にアップします,非目的
子供部屋に敷き詰める為に買い足しました,目的
満足のいく商品かと思います,非目的
バックルの付いているベルトに慣れるために購入しました,目的
室内で多肉植物を育てるために購入しました,目的
あいきゃらは希望のものを入れて下さいました,非目的
ウィスキーを割る為に購入して何本か試した所,目的
車を持たずたまに乗るレンタカー用に購入,非目的
とても嬉しいプレゼントでした,非目的
大人の着替え０セットと子供の着替え０セット財布や化粧ポーチ等かなり入りました,目的
またひとまわり大きいものを先住ねこ用に購入します,非目的
商品をパックするのに購入しました,目的
何個か用意しておくと便利です,非目的
近所のニトリとかでもグリーンの色で探してみましたが気にいる色合いが無く画像の色を信じて買ってみましたが正解でした,非目的
リビングの壁にバッグやコート類をまとめるために購入しました重ねて色掛けれるので便利です,目的
この価格でこれだけしっかりしているなら旅行用などにも購入したいと思いました,非目的
しょうがないのでｍ０用マガジンのカバーに使います,目的
キャンプでエアベッドを二つ連結するために購入,目的
今回は子供がダイニングテーブルで座る用に購入しました,目的
０歳児でもちょうど良く持てます,非目的
披露宴で飾るペーパーフラワーを作るために購入,非目的
０ヶ月もたなかったかも,非目的
次内装替えするときもリピします♪,非目的
ネックレスを作るのに購入,目的
エアバギーココとマキシコシをドッキングさせる為に購入しました,非目的
出産のための入院荷物を入れるために購入,目的
安く購入できて助かりました,非目的
野球部の小学生のトレーニングシューズを洗うのに使っています,目的
柄の部分のつなぎが少しゆるい感じがしたので－０にしましたが十分使えそうです,非目的
製本の厚みを調節するのに使用するにはこの０ミリが使いやすいと思います,目的
化粧水を作るのに使用しており助かっています,非目的
ピアスを作る用に購入,目的
遠い席からでも衣装の質感や細やかな表情までよき見えて,目的
折り畳んで梱包されてたので折りジワが心配でしたが届いてすぐ広げたら自然にシワが薄くなっていきました,非目的
商品の袋にｍｉｎｉ０とあったので第０世代用が届いたのかと思いましたがとりあえずサイズぴったりで問題ないです,非目的
パンツは０人でお着替えもスムーズにできて,目的
留め具の堅さについての口コミが数件ありましたがパールネックレスによくつかわれるタイプの留め具です,非目的
フライパンの焦げ付きを落とすのに使っています,目的
子供がイヤホンを手作りするのに購入しました,目的
飲み物やおしぼりを冷やすために使うつもりですがまだ使用していません,目的
小さな石の穴に通すのに購入しました,目的
問題なく使用できました,非目的
部屋に家電を置くために購入しました,目的
安くていいお買い物でした,非目的
幅０センチのウッドタイルをジャブ付け塗装する為に購入しました,目的
テレビでこちらを見て洗車用に購入,目的
虫が目に入ってくるので虫よけ用に購入,目的
オリジナルハンコを作って頂いたのでそのハンコ用に買いました,非目的
料理が美味しく時間経費節約できます,非目的
運転中に使用するために購入した,目的
健康を維持するために,目的
クミヒモをするために購入キレイな糸です,目的
自然学校に持たせる為に購入しました,非目的
普段は髪の毛を拭くのに使っています,目的
すぐにサイズアップするのでこの値段の安さはありがたいです,非目的
すき間を作らず収納できて,目的
おひなまきをするのに使っています,目的
ヒーターが切れたために交換用に購入しました,非目的
娘の幼稚園で使うカバン用に購入しました,非目的
かといって緩すぎると歩いている途中でくるくると回って外れて落下する危険性があります,非目的
洗濯槽のカビや汚れを落とす為に購入,目的
海にも行き泳ぎましたが水に浸かっても平気でした,目的
背面が割れてしまいそれを隠す用に使っています,目的
これから幼稚園にも入れる予定ですし長く使えるのでいいと思います,非目的
木工用ボンドとかで固定してましたがすぐに落ちてたのが今のところ取り付けてから三ヶ月ほど経ちますが一度も落ちてません,非目的
最近カブトムシにはまっている子供の上履き用とコップ用に購入,非目的
一つでも違うブランドが入っていたらなぁと思っていましたがオールボブソンでした,非目的
サイズもぴったりで裏に滑り止めがついてるので滑らずいい感じです,非目的
筋トレや体幹をも鍛えられる,目的
お出かけにも持ち運びやすいサイズなので公園などでも活躍してくれそうです,目的
ガラスタンクを割っちゃった,非目的
寒い時ジャージの上に着る用に買いました,目的
キッチンで食材等を入れるのに使用します,目的
洗濯物を室内で干すためだけの目的で探していましたが布団も干せそうです,目的
タオルに場所をとりたくないため購入しました,目的
寝袋の使用は初めてだった,目的
毎回他メーカーの三足セットを購入しているので今回は破れ度合いの違いを検証する為に購入,非目的
ｄｉｙで車を磨き上げるために購入しました,目的
ｕｓｂ０．０なので速さも気にならない程度です,非目的
家でローストビーフをする時用,目的
高速充電も問題なくできます,目的
発送も早くよかったです,非目的
皮物に他人と区別するために使用していますが意外と耐久性があり満足です,非目的
これは家でゆったりくつろぐ時に,目的
もう一個エコバッグを持ってこちらは生ものを入れる用に使おうかと思いますお値段相応送料込みではお安いと思いますもっといろんな柄があればいいですね,非目的
家の窓全てに取り付けるために買い足しました,目的
草押さえと美観を出すために,目的
文房具や薬などを入れるために購入しました,目的
子供達の上履きを洗う為に購入,目的
０頭身がかわいいです,非目的
注文して０日後には手元につきました,非目的
品質も十分満足しています,非目的
こういうバッグが安く手に入りよかったです,非目的
桐箱に入ったバームクーヘンを包むのに購入後に使えることと春らしくさくらと蝶柄計０点購入,目的
ダイニング用も追加で注文しました,非目的
生地は厚くはありませんがしっかりとしていて夏には丁度良いかんじです,非目的
ハイディの前カゴに取り付ける為に購入しました,目的
マンスリーフォトを撮るために購入しました,目的
入園グッズを作る為に購入,目的
リビングでゲーム機とｔｖをつなぐために購入,目的
リールを複数台収納して持ち歩くのにとても便利です,目的
ネックレスの最後に付ける為に購入,目的
週末の餌やりのために買ったので,目的
ラミネート生地を切るために購入,目的
家の庭でバーベキューをするために購入,目的
自宅で祖母の血圧測定をするために購入しました,目的
日記を書くために購入しました,目的
食虫植物を育てるために購入しました,目的
ありがとうございました,非目的
ｄｉｙにて窓枠にガラスの入る溝を入れるのに使用,目的
お気に入りのイヤリングをピアスにするために購入しました,非目的
入荷するとすぐに連絡をいただき結婚式に間に合いました,非目的
お漬物やちょっとしたおかずを乗せるの,目的
娘の幼稚園用品を作るために購入しました,目的
結婚式のパーティで使用するために購入しました,非目的
資料を置いて移動させるのに使う予定です,目的
夫婦ふたりとも高血圧で食事に気をつけるために買いました,非目的
バイクに乗る際のナビ用に購入しました,目的
アイスや冷凍食品を買ったときに入れるのに購入しました保冷剤を入れておくと夏でも家に帰るまではもちます,目的
ドレスに合わせるために買いましたがバレエの練習時に羽織る用になったり…幅広くつかえそうです,非目的
良い買い物でした,非目的
家族で撮るにはとても便利だと思います,目的
子供用でなく大人のジム通い用に購入しましたが十分使えそうです,非目的
確かに腰のワンポイントはいらないかと思いましたがこの値段なら割り切れます,非目的
メッセージボールを保管するために購入,目的
リビングを仕切るのに購入しました,目的
想像してたより色は薄い目ですがフローリングをはってみれば綺麗な色でした,非目的
付箋やいろいろなものしまって使おう,目的
結婚式の二次会用に新婦に持って入場してもらう為に購入しました,非目的
綿０％でワンコインで習字用にもなるネイビーを学校用に買いました,非目的
祖父の一回忌に着ていく為,目的
貼れパネを切り取るのに使いやすいです,目的
たっぷり入ります,目的
玄関用に購入しました,非目的
少し大きめかなーとも思いましたがお土産も全部入ってとてもよかったです,非目的
お店をカフェ風な雰囲気の焼鳥屋にしたかったのでこちらの暖簾にしました,非目的
これならトップス用にいや肌着でもいけると思います,非目的
カラーはクリアの部分はオレンジ色っぽくマグネット部分はパールベージュといった感じでした,非目的
ｙａｍａｈａのｂ０のピアノに被せる為に購入,目的
ボールペンが素敵だったので今回の贈り物もこちらにと思いショップさんを覗きました,目的
イヤリングはスクリュー＆ばね式で痛くなりにくい形です,非目的
夫の私服の収納に使うために購入しました,目的
予想以上に部屋の面積をとってしまったのがネックですが通気性もよく寝ていて気持ちいいです,非目的
軽くて持ち運びが楽ですし,目的
ｘ０のシャンパンゴールドを選んだのですが上品で良い色だなってすごく気に入りました,非目的
これから使用していくうちに経年劣化などまだわからないので☆０つとさせて頂きます,非目的
コスパも良く非常に満足しています＆＃０；,非目的
もう少し深めが欲しかったけど急冷凍ｏｋでガラスなんでストック用に買いました,非目的
車での充電用に購入しました,目的
ファスナーポケットが外側に０箇所ついていて生地もしっかりしています,非目的
安い,非目的
コピー用紙をルーズリーフ化するのに使い易くてよかった,非目的
燃えるごみをストックするために購入,目的
寒い時には冷え防止になり,目的
結婚式の二次会で使用するために,目的
ただ内張りはずしの時間がかかるため取り付け予定は未定です,非目的
ジムでスマホの音楽を聴いたり動画を見るために購入しました,目的
作業スペースに床を作る為に購入,目的
肌が弱いため側生地は綿０がよくしかもマザーグースの羽毛タイプを探していてこちらに行き着きました,非目的
色がキレイ,非目的
今回私用で使うバギー０用に購入しましたバイク屋ではかなり高いので安く購入でき満足です後はどのくらい使用できるかですね,非目的
わがままにも対応して頂きとても親切でいいショップさんです,非目的
クローゼットの中も整理てきて良かったです,目的
ハンドメイドの抱っこ紐収納カバーを作る為に購入しました,非目的
気に入ったので次は寝室用にブラウンを購入予定です,非目的
０．０ミリ厚さはクロスジョイント部分に使うのに便利なので,目的
家具からのにおいもほんとに少なくて安心できます,非目的
子供は気にせずに楽しんで遊んでいます,非目的
静音性はパターンによりけりです,非目的
新品のはずなのですが届いた長靴をあけてみると結構砂だらけだったのが残念です,非目的
財布や定期入れをいれて持ち歩くために購入,目的
まだ庭には設置しておらずキッチンに置いていますが電気をつけていない時に素早く反応しており良い買い物ができたと喜んでおります,非目的
背中もしっかり保護してこの値段です,目的
ポーチを作るために購入,目的
車用のステッカーを作る為に,目的
ｐｐゴミの資源物入れ用に購入しました,目的
今回はダイソーの掃除機が詰まってそのレジをはずすのに使いました,非目的
新しいトートの革ハンドルを防護するために買いました,目的
荷物が多いので部活用と教科書用をわけるために買いました,目的
アイリスのスチームを買って替え用に購入しました,目的
洗剤や石鹸をおくのに,目的
色も大きさもちょうど良いです,非目的
ディズニーオンアイスに着ていく為に購入,目的
服装,目的
海に入るときだけでなくちょっと肌寒い出先でも使えます,目的
どれもこれもとてもかわいいです,非目的
子ども達の手袋を編む為に購入しました,目的
タオルに場所をとりたくないため購入しました,目的
到着も早くカバーもツルツルしてないので滑らず使いやすいです,非目的
そして細かい数字は忘れましたがダイヤとキュービックジルコニアは屈折率が違います,非目的
まだ効果はわかりませんが天然成分なので安心です,非目的
まだ痛くないです,非目的
コタツ用に座る為に購入しましたが硬くて座り心地が悪いらしくて使ってないそうです,非目的
大人と子供で入っても余裕があり子供が寄りかかっても大丈夫で底にも空気を入れられるので座っていても痛くありません,非目的
夫婦用と後０人の子どもにも買うか一晩寝てみて検討します,非目的
札入れカード入れコインケースで使い分けるため,目的
リールへの収納が少し手間取ります,非目的
物置の収納力を上げるために購入しました,目的
大きさもちょうどよく可愛いくて娘も大喜び,非目的
可愛いし色も画像通りでした,非目的
ちょっと遊ぶ為に買ったロッドでしたが軽くてガイドもｓｉｃまでいかないですが滑らかで良かった,目的
棚にあるだけでかわいいかも,非目的
ありがとうございました,非目的
中庭の木を照らすのに使用しています,目的
上がり気味になったバッテリー救済用に購入してみました,目的
お米を入れるのに買いましたがかわいいのでもうひとつくらい欲しいなと思いました,非目的
用途を考えなくては＊－）,非目的
お薬手帳と財布の中の診察券を整理するために購入しました,目的
庭の苔を退治するために購入,目的
海外でプリペイドｓｉｍを入れて使うために購入しました,目的
来月入園するので幼稚園用に購入しましたが本人がとても気に入り待ちきれず今履いています,非目的
早速天気の良い日にやってみます,非目的
おまけのリールもありがたいです＆＃０；,非目的
アイコンのシールを使うと予定も分かりやすくて凄く便利です,目的
リングピローにと思っています,非目的
マーティンのアイボリー部屋のカーテンをおそろいにする為に購入しました,目的
リビングの無垢の床に合わせた雰囲気のテーブルを作るために購入しました,非目的
半袖スウェットに合わせて着用するために購入しましたがインナーに最適な薄地だったのでとてもよかったです,目的
家族が入院するので着替え等を入れるため,目的
ポールダンス用に購入してみました,目的
ストレスなく綺麗に撮影ができ問題ありませんでした,目的
着色用に使いました,目的
金網なので形が自由に変えられて隙間ができないように取り付けできます,非目的
シンプルで軽くておしゃれで安い,非目的
送料無料でお得に買えたので良かったです,非目的
お風呂で映像などを楽しむために購入しました,目的
外の景色や車飛行機を見るために台の上に乗って使っています,目的
保育室で何やら作るのに使用する見たいです,非目的
車を買い替えたのでナンバー灯用に購入しました,目的
無添加で安全な美味しいお味噌を断食明けに食すために購入しました,目的
給食の献立表やレシートを一旦入れておく用に使ってます,目的
薄毛を隠す黒い粉を固めるのに使用してます,目的
実家の古いアンテナ端子にｔｖを接続するために購入,目的
仕事で常にポケットに携帯するのに購入しました,目的
水辺の鉢植とサカナを仕切るために購入,目的
水陸両用で底が少し分厚いので陸でも普通に歩けます,目的
敷地内の水路から散水用水を汲み上げるために購入しました,目的
使用する日が楽しみです,非目的
ｔシャツをデコるのに購入しました,目的
すぐに届きました,非目的
気持ち大きめでした（＾＾；；名前を大きめに書く必要ありです,非目的
天井のすかし目地を隠す為に使いました,目的
ダンス動画をたくさんｉｐｈｏｎｅで撮ったものを整理するために購入しました,目的
この春から保育所に入所する姪のお昼寝用に購入しました,非目的
子持ちママが子どもの荷物を入れるために使うには少し小さめ,目的
重さが測るたびに若干の違いますが,目的
自分で編むのに買いました,非目的
野球観戦で孫が応援するのに,目的
やかんに張ってある注意書きのシールが剥がれないので更に★マイナス０です,目的
大きさ重量を改めてよく確認してからの購入をお薦めします,非目的
リピートはないです,非目的
奥に開けない段ボールをしまい手前側に置くために購入,非目的
珠表面の凸凹などはありませんでした,非目的
大根おろし専用の機械を探していました,目的
ドライフルーツを作るために購入しました,目的
色とモノの場所をはっきりとさせるために買ってみました,目的
お風呂上がり口マットを干すのに使用してます,目的
裏側に工夫があり熱がテーブルに伝わりにくくなっていました,非目的
それ以外は満足です,非目的
とても使いやすいです,非目的
バック類を掛けるのに購入しました,目的
廊下が暗いので子供の為購入しました,非目的
子供が生チョコ作りに使うために購入,目的
電源スイッチのスライド面に色がついていると切り忘れの確認がしやすいかも,非目的
結婚式に出席するために購入しました派手すぎずよかったです,非目的
車を新しくする為に購入,非目的
敬老の日に祖父母に渡すために利用させていただきました,非目的
シンプルな雑貨が大好きなので今後もまたｍｏｎｏｋｏｚｚさんの商品をチェックさせていただきます♪,非目的
画像のとおりです,非目的
回りと違う物だとまぎれてなくす事がなく良いと思うのですが糸切りハサミは別売り購入,非目的
大きいです,非目的
蓋やお玉が小スペースで置けるのでスッキリします,目的
娘が学校で使用するのに購入,非目的
メスティンで炊飯用に購入,目的
気温や湿度が目安ぐらいにはなります,目的
アトマイザーを交換用に購入,目的
ｐｓ０とテレビをつなぐためにリピしました,目的
普通のケーブルは外さないと使えないので,非目的
襖に貼る為に買いました,目的
しかしこちらのｏｌｉｖｅｄｅｓｏｌｉｖｅを見た娘は即可愛い,非目的
保育園で使う為に購入しました,非目的
ベトナムで使用するために購入,非目的
小物を作るのに使います,目的
あえて言えば少し強度が物足りないかなという感じもしました,非目的
なのでまだはいてません,非目的
引き戸のすべりをよくする為に使いました,目的
市販の安い布団セットが薄くペラペラに感じます…,目的
まだ使用してませんが家でもフェリエを使っているので大丈夫だと思います,非目的
三脚が広げられない場所でビデオを撮影するために購入しました,目的
バレエの衣装を作るのに購入しました,目的
県外の方へ冬のご挨拶を送るために購入しました,非目的
お風呂で使用するために購入しました,非目的
釣りに行く時野外で使う物を色と入れる為に購入しました,目的
ｓ字フックを使い天井から吊り下げることで問題は解決いたしました,非目的
朝洗顔した後に口の中をブラッシングするために使っています,目的
とりあえずで購入しましたが思った以上に良いです,非目的
噛んだりふにふにしたり楽しそうです,非目的
大満足です,非目的
薄着の季節が来る前に下半身を引き締める為に買いました,非目的
すごく気に入ったので今回は玄関用に購入しました,非目的
チェストサポートがついているのでずれないのもｇｏｏｄ,非目的
緑豆湯を作るのに買いました,目的
お盆に実家へお供えするために購入しました,目的
お客様のちょっとした荷物を入れるのに,目的
古いパソコンが省電力０ｗｃｐｕ）なので新しい０ｗの小さな電源で使うために購入,非目的
旦那曰くベタベタすることもなく使いやすいとのこと,非目的
でもシートや幌の生地がぺらぺらでなくしっかりしているし色ブラウンも落ち着いた感じで思っていたよりずっと良かったです,非目的
写真にコメントを書くのに買いました,目的
製本の厚みを調節するのに使用するにはこの０ミリが使いやすいと思います,目的
長財布スマホキーケースを持ち運ぶ,目的
家族に頼まれて引越しの挨拶用に購入,目的
ジムで他の人と区別するのに購入しました,非目的
ライブを見る為に購入しました,目的
ゆっくり味わって食べますありがとうございます,目的
植木鉢を隠すのに購入,目的
出かけてる間に充電し帰ってきてすぐにリキッドを入れて使ってみました,非目的
高いカバーもありますが一時的な使用であればこちらで十分です,非目的
このタイプで分け目の位置を自由に変えられるスキン付きが出ることを希望します,非目的
プルームテックのバッテリーを外出時に充電する為に購入しました,目的
梱包も丁寧でした,非目的
電池付き,目的
すべらないしサイズもぴったりで良かったです,非目的
一歳の孫にお風呂用に使おうと思い購入しましたがまだ早かったのか気に入らなかったのか上手く使えませんでした,非目的
子供のおもちゃを整理するために購入しました,目的
薄いなと感じました,非目的
０回試してみたら間違う事なくトレイへ収納されました念のため０回は通した方がいいかも知れませんがチマチマ数える事を考えると効率的,目的
組み立ても簡単で女性一人で出来ます,非目的
服をたくさんかけるとごちゃごちゃします,目的
滑りどめもあり安くてよかったです,非目的
子供が影遊びできる位明るいです,非目的
ペットボトルで作った風車夏休みの工作の色を塗るのに使いました,目的
サラダやカレーで使うのに購入しました,目的
オシャレなトイレットペーパーホルダーを探し求めて前回こちらのお店で購入したウッドアイアンのホルダーがとっても可愛くて気に入ったので他の階のトイレもこのホルダーに変えることにしました,非目的
丈夫,目的
部下の新築祝いの際に娘さんへのお土産用に購入しました,非目的
知り合いに頼まれてｊｏｇアプリオ用に購入しました,非目的
濡れたマットの不快感がなくさらさらで気持ちいいです,非目的
母にもプレゼントしたいのでまたリピします,非目的
缶コーヒータオル入れてたらしっかり保温,目的
馴染んで良い感じ,目的
迅速な発送で商品もいい感じだそうです,非目的
サイズ感は少し大きめですがおかしくはありません,非目的
そしてズッシリとした重量感,非目的
確かに髪の毛は以前のようにゴシゴシ拭かなくても十分に水分吸収してくれます,目的
よじれてしまうのは気をつけて剥がしてよじれたときは書いてあるように修正すると問題ありませんでした,非目的
お昼寝布団を入れる用に購入,目的
娘とお揃いで履くために購入しました,非目的
新居で使うために購入をしました,目的
体にホースを固定するために購入しました,目的
通勤で音声ファイルを聞くのに使います,目的
良かったです,非目的
ハロウィンパレードで着るため,目的
棚をスッキリさせる為に購入しました,目的
車の洗車に使用する場合は表面のホコリを洗い流す程度と考えた方が良いですね,目的
しょうゆ麹を作るのに購入,目的
ホームセンターに屋外物干し一式を見に行きましたが軽く０万円を超えてしまう値段でビックリ,非目的
（婿も一緒に来るため）家族全員で使ってますがそれよりもお値段半額で購入出来たので良かったです,非目的
自室で使用するために購入しました,非目的
お友達に贈るために購入しました,非目的
お試しサイズは割高なのですが持ち歩きにかさばらないので良いです,非目的
（ｗｒｉｔｉｎｇｂｙ妹）,非目的
まだ使って数日なので変化はありませんが可愛いので気に入ってます＾＿☆コーヒー用にも買い足そうと思います,非目的
参列した周りのひとにかわいいかわいいと絶賛でした,非目的
何よりライブまで日にちがなかったのに迅速な対応をして下さったお陰でライブに間に合いました,目的
今度は学校用も購入したいと思っています,非目的
冷蔵庫横に手拭きと食器拭きを掛けるため,目的
梅干しを入れるために購入,目的
一泊旅行に着替えや化粧品を持っていくのに使用するつもりです,非目的
友達同士でコスプレパーティーするのに買いました,目的
資料を置いて移動させるのに使う予定です,目的
画面も見やすくてとても良いです,非目的
ダンス動画をたくさんｉｐｈｏｎｅで撮ったものを整理するために購入しました,目的
皮のブーツを補修するために購入しました,目的
アイボリーも可愛いので娘の来年用に購入しようか悩み中です,非目的
滑り止めがないので下にラグの滑り止めを敷いておくと大丈夫でした,目的
木の無垢のダイニングテーブルに合わせるために購入しました,目的
実家の引越し時に出てきたアルバム整理用に購入しました,目的
シンプル,目的
前席に付けたモニターを後席から操作するために購入,目的
テント内でストーブを使いますがソロキャンプですのでこれで安心して楽しめます,非目的
自己満足かもしれませんが安心安全を感じます,非目的
今回は子供がダイニングテーブルで座る用に購入しました,目的
旅行などでちょっとした貴重品を入れておくのに使いがってが良いと思います,目的
注文して０日で届きました,非目的
工場の雰囲気をアメリカンテイストにする為に購入,目的
とても使いやすく持ち運びをするのに便利で助かっています,非目的
スカートのボリュームを出すために大人用に購入してみましたが大人にはちょっとボリュームが出すぎでした,目的
いい感じです,非目的
大変迅速に対応して頂きありがとうございました,非目的
ビッグラップも扱ってほしいね,非目的
デザインがたくさんあって良いです,非目的
靴下を編むために購入,目的
詰め替え後の残った砂糖を保管するのに使ってます,目的
キレイな色です,非目的
クッカー収納袋ってメッシュとか安っぽいナイロンばっかでこういうちゃんとした材質のものがないので貴重です,目的
アジャスターを作るのに購入,目的
バッグに結ぶために購入しました,目的
ウィスキーを割る為に購入して,目的
ありがとうございました,非目的
机を常設するのが難しく折り畳み式を選択しました,目的
お風呂で音楽を聴くのに購入です,非目的
トイレで手拭きペーパーを入れても取り出しやすくとても気に入っています,目的
少し匂いが気になりました,非目的
幅０．０ｍｍ０ｃｍをリングを通しておく為に購入しましたが細すぎず太すぎずイメージ通りの幅と長さでした,非目的
クローゼットの天袋部分にバッグを並べるために買いました,目的
取り付けてもらうのが楽しみです,非目的
伸びが良く敏感肌でも問題なく使用できています,目的
ジム通いをすることとなり用品を入れるために購入,目的
また角度が変えられるので頬を冷やすのにいい,非目的
あまりにも使い勝手が良かったので今回は洗い替え用に購入です,非目的
部品一つ不足で連絡すると直ぐに送って頂きました,非目的
大容量で価格がお手頃でしたのでありがたかったです,非目的
ほぼ母乳なので少ないミルクを溶かすのに便利です,目的
磨き残しや歯垢や歯石が無いことがわかり,目的
他のネクストの服も欲しくなりました,非目的
もっと早く買えば良かった,非目的
いろいろな種類試せるので洗濯が楽しみです,非目的
最近の戸建には防水パンが無い事を知り,目的
動画をみるのに使うと思います,目的
一人暮らしを始めるために購入しましたが良い買い物をしました,非目的
丸洗いできることがいいなと思ってｌサイズの黄色をレジャー用に購入しました,非目的
ニコンｄ０の０－０ｍｍを付けていましたが首にぶら下げるより断然疲れませんでした,非目的
仏壇に飾るために購入しました,目的
なので同じシリーズ,非目的
とても便利に利用に使えました,非目的
学校から郊外授業等でも使うため大きめのものをと言われており通学その他に活躍期待大です,非目的
ムダ毛を無くすために使っていますが０年使って脇の毛は生えなくなりました,目的
ポケットも使い勝手が良く財布やスマホ等ちょっとした物を詰め込んでますデザインもシンプルで気に入ってます,目的
デザインも可愛くてちょうどいい大きさで姪も気にいってくれたようです,非目的
一つ調光器が余ったので以前から付けていたシフトゲートイルミネーションが眩しかったので配線にかまして使用してます,非目的
幼稚園で使うために,目的
同メーカーのｌａｃベストのｍｏｌｌｅにも難なく装着できました,非目的
ポイントはコンパクトなこととガス缶が使えることケトルを置いても安定すること,目的
ちょっとした化粧品を入れたりする,目的
目が疲れない優しい明かりなので,目的
シークワーサーに入れて水で薄めていただくのに使用しています,非目的
その中学ではリュックの色は黒と指定されている為娘が気にいる商品がありませんでした,非目的
退職祝いに贈るのに購入しました,目的
タント用に購入しました,目的
カウンターの天板を保護するために購入,目的
夏は日焼け・汗止めに大活躍でしたが防寒として冬のどの時期まで使えるかですが…,非目的
また買おうと思います♪,非目的
部屋の雰囲気を明るくするために購入,目的
思った以上にスマホの画面がサクサク動くのでびっくりゲームをするのに購入したのですがゲームの操作画面が小さく少し反応が鈍い,非目的
他の子とかぶらず可愛いです＆＃０；,非目的
チュニックを作るのに購入しました,目的
動物霊園で使用するのに購入しました,目的
版画をおさめるために購入しました,目的
試しに炊いてみましたが,目的
友人の結婚式の衣装に合わせるために購入しました,目的
通常の洗濯物を入れる為に購入,目的
通勤に使うために購入しました,非目的
アウトドアで使用する為に購入,目的
ショップの店頭に飾るために購入しました,目的
クッションフロアを貼るために購入しました,非目的
旅行用に購入,目的
洗面所に設置する為に購入いたしました,目的
モニターの電源部が故障になるので,非目的
会社で使用するのに購入しました,目的
ｏｃｎの通常ｓｉｍを入れるために買いました,目的
仕事で使うのにとてもいいと思います,非目的
いろいろなスタイを保育園用に購入,目的
持ち運びがしやすいので他の場所でも高い所に置いている物を取る時にとても便利です,非目的
スイッチを入れるとすぐにポカポカとやさしい暖かさでとても気持ちが良いです,目的
スマホ０台から０台持ちに変えるために購入通話専用なので十分です,目的
まあ画面のフィルム目当てだったのでキーボードカバーはおまけ,非目的
洗面所に置くのに買いました,非目的
海に行くために購入しました,目的
ちょっとしたご挨拶に持参するのに良いと思います,目的
鱒レンジャーレッドに色がマッチしていてｇｏｏｄです,非目的
セルフでやってるジェルネイル用に購入,非目的
水素水を入れるのに購入,目的
おとなっぽいアクセサリーを作るのに使用しようと思います,目的
注文番号０－０－０,非目的
リビングの壁に飾るために購入しました,目的
空気入れが付いているので短時間で簡単に膨らますことができました♪繰り返し使えそうなので来年も使わせてもらうつもりです,非目的
筋トレメニューの幅を広げる為に購入,目的
当日が楽しみです,非目的
表の生地は付属の生地を使わず好きな柄で作りました,非目的
家の雰囲気がすごく良くなった,目的
起動ディスクを作るのに購入,目的
大きさや肌触りは丁度良いです,非目的
学校行事に使用する為に購入しました,目的
今回息子の攻撃からテレビを守るために購入しました,非目的
クリームが通常の生クリームより軽いのでとても食べやすくパンが噛み応えあるので満足感がかなりあります,非目的
商品ページの写真を見直し見比べてみましたが大きく違うという訳ではなかったです,非目的
子供の幼稚園のスモックに付ける為に購入しました,目的
０人分だけ湯を沸かす為に購入しました,目的
色物を入れても安定していて大丈夫でした,目的
ただ蓋の角が鋭利になっているので怪我をしないようにしなければと言う事で星０つにしました,非目的
仕事で使用するために購入しましたが仕事で使う小さめのメモ帳が入らず・・・私のスマホも微妙に入らなかったです,目的
リクガメの爪を切るのに使いました,目的
車で充電用に購入,目的
子供と海へ旅行に出かけるため,目的
少し大きいけどマジックテープでしっかりとまるので大丈夫そうです,非目的
妻０ｃｍ０ｋｇ夫０ｃｍ０ｋｇで互いに問題なく履けました,非目的
とても迅速な対応ありがとうございました,非目的
配送も早くしていただいてありがとうございました,非目的
娘の手袋のボタンを付け替えるために購入,目的
スタッドレスタイヤ０－０／０を０台分交換するために購入,目的
主に掃除用に購入しました,目的
アクセサリーに加工するために購入,目的
こちらの商品０つ夫婦で使用するのに購入しました,目的
私は真鍮好きなのと実物を確認してみたかったので安価なこちらの方でまずはお試しです,非目的
天然のゼオライトを探すのにとても苦労しましたが値段が凄く安く手に入ったので嬉しかったです,非目的
海外でプリペイドｓｉｍを入れて使うために購入しました,目的
通帳０冊とカードでパンパンです,目的
子供の机に使うのに購入,目的
ショルダー型で外ポケット付きのこういう形のが一番使いやすい気がします,非目的
年賀状インクジェット葉書を作る為に購入しました,目的
お風呂でｉｐｈｏｎｅを使う時防水用に使用するため,目的
お風呂に重曹とクエン酸を混ぜて入れるため,目的
思ったより大きいですが生地もしっかり針金,非目的
安かったので来年用に購入しました,非目的
結婚式にも葬式にも使えるように紫を購入しました,目的
サイドのオムツスペースは小さくて新生児用オムツで０枚入る程度,非目的
エレキベースの録音をするために購入しました,目的
と言う事で購入する事に・・・,非目的
ミシンの糸を収納するのに使っています,目的
発送方法にネコポスがあるのも小さな商品を買うのに便利で良かったです,非目的
安くて日本製で電子レンジで使えてスタッキングできて,非目的
ピンクのｍサイズをキッチンの洗い物用に購入しました,目的
ちなみに私は０回で出来ました,非目的
作りも丁寧デザインも可愛く良い思いでになりました,非目的
お昼寝ように使っています,目的
主にコーヒーを飲むのに使ってます,目的
力加減や押し方に慣れてしまえばホントに楽です,非目的
ありがとうございました,非目的
思ったとおりの色,目的
サイズはぴったりでした,非目的
学習机の椅子に使用する為に購入しました,非目的
缶ビールは０本ぴったりです,非目的
寒がりの小型犬がいるのでホットカーペット用に購入,目的
いろんなお店を調べましたがお得感が強くてこちらに決定,非目的
私の大好きなお花で誕生日用に購入しましたつぼみしかなくてちゃんと咲いてくれるか不安でしたがキレイに咲きました,目的
ｍ０ｓｏｃｏｍにスコープを取り付けるために購入,目的
ベビーカーを出し入れするのに便利かと思い購入,目的
名入れ商品の割には届くのが早いと思いました,非目的
明るさも問題なく良い買い物ができました,目的
温かく,目的
多少糸がビローンとなってますが切れば全く問題ありません,非目的
効率よく除草できます,目的
持ち歩く荷物減らして使います,非目的
子供とスキーに行く為に購入タイヤとホイールで安かったので買いましたスーパーセール中でしたのでいつになるか,非目的
海に入る予定で足を守るために使います,目的
シャッターのリモコンがちょっとおかしくても他のお店よりおすすめです,非目的
バドミントンをやるのに使っています,非目的
トイプー０匹が飲むには若干小さく思います,目的
子供がスキー学習に使用するスキー用具一式に貼るために購入しました,目的
子どものすのこベッドに置くために買いました,目的
錦糸卵を作るのに使用したら普通にこげました,非目的
夫婦でキャンプに行くために購入,目的
じんわりとポカポカ暖かくなってくるので身体に良さそうです,目的
お家の庭でプールで遊ぶ用に購入,目的
購入して良かったです,非目的
おしゃれだし来客者からも今のところ０％おしゃれーと言ってもらってます♪これからの季節雨や湿気でどうなるだろうと心配なので雨のときは０均で買ってきたバイク用のカバーをかけてます,非目的
マットレスからガードがずれやすいですが枕は落ちにくくなりました,目的
引越し先でテーブルや椅子を組み立てるために購入しました,目的
自分の今の仕事においてはかなり使いやすくてもう０年くらいこの手帳を買い続けています,非目的
スキー用具一式に貼るために購入しました,目的
タイヤ交換を行う為に購入した,目的
非常に昼寝用によいです,目的
家族や友人と囲むテーブルに火があるのはものすごく贅沢です,目的
きっとお墓の中のわんこちゃん喜んでくれていると思います,目的
とっても可愛くて私までテンションあがりました,非目的
退院時に着せるために購入しました,目的
容量を気にしないで携帯電話を使用するために購入しました,目的
外に付けた投光器用に購入しました,非目的
梅ジュースを作るのに購入,目的
と頂いたメールも丁寧で迅速にご対応頂けました,非目的
０つ購入しました,非目的
球根を植えるため,目的
早速子どものエプロンを作るのに使ったらスムーズにできました,目的
職場でこちらの商品を使っていたので自宅用に購入,非目的
自分の結婚式でむすめに着せる,目的
発送が早くて助かります,非目的
ナチュラルを購入しましたが白っぽすぎず部屋にもともとあったほかの家具と違和感なくなじんでいて満足しています,非目的
学園祭で焼きそば担当になり三角巾用に購入,目的
ちょっとした外出時に使うために購入,目的
お気に入りの絵を飾るのに購入,目的
運動も頑張れるみたいです,目的
ネックレスやイヤリングを収納する為に購入しました,目的
スカートの柄とお揃いのリボンのキルティングトレーナーに合わせる為に購入,目的
修造さんの言葉と写真に癒され励まされます,非目的
色使いが落ち着いていてとても気に入りました,非目的
引っ越しの荷物運びをする為に購入しました,目的
清掃用に購入させて頂きました,目的
来年から幼稚園へ行くので,目的
シートを完全に覆うサイズで申し分ないです,目的
肌触りも良くどこが訳ありか全く気になりませんでした,非目的
仕事で使うのに購入,非目的
スッキリ片付きました,目的
体幹を鍛え姿勢を正しくする,目的
長めで跳びやすいです,目的
大容量の醤油なので詰め替え用に購入をしました,非目的
いつもソファでちょっと横になるのに使っています,非目的
でも少しマットを抑えれば問題なく出せますし問題ありません,非目的
玄関で靴をはきやすくするために購入しました,目的
品質的にも問題なしです,非目的
子供のスリーパーを作ってもらう為に購入,目的
デッキの下に猫が入るので金網を貼るために購入しました,非目的
髪を刈り上げるために購入しました,目的
学校で使う為に購入しました,目的
品揃えが豊富なので他の物も試すつもりです,非目的
買って良かった,非目的
グローブ,目的
０人で同時に充電しても余裕で充電できました,目的
エルエルビーンオープントップカモフラサイズｓｍａｌｌの持ち手につける為に購入しました,非目的
赤ちゃんがぐずった時に動画を見せる用に購入しました,目的
０個セット失敗覚悟で色試すのに良いかなと購入リボンワイヤー思ったより扱いずらく０個目０割失敗作に…値段も安いので色試して見たいなら良いかと思います,非目的
自転車に乗る時に携帯など入れる,目的
習字を習っているこどもの手洗い用に購入しました,目的
ねんどろいどと一緒に飾るために購入しました,目的
とても素敵なツリーで大満足です,目的
重ね付けにもいい大きさです,非目的
母の日に花を贈るのに購入しました,非目的
遠出するときにも飲み物を入れて冷やしたり出先で海産物買ったりも気軽に出来ます,非目的
木が水を吸い上げる音を聴くために購入,目的
ネットを少し使う用に買いましたがネットの速度が遅すぎて買った事を後悔しました,非目的
値段以上だと思います,非目的
ストーブでお茶を作るのに購入しました,目的
カシメを外すために購入したのですがカシメのサイズが大きく外せませんでした,非目的
カトラリーのトリオセットを入れるのに購入しました,目的
夏の帽子を作成するために購入,目的
０人でお鍋をするのによい大きさです,目的
ただシャッターの電池のフタがちょっととりにくいので星はひとつ減点にしました,非目的
娘もクッションの座り心地が良さそうです,目的
掃除も洗濯もこれからは軽いので楽に出来そうです,非目的
友人の結婚式に一緒に連れて行くのに購入,非目的
短いのは自宅で丸付け用に使います,非目的
安くて色落ちもなく好評でした,目的
まだ物置に設置していませんが組立終了意外に簡単に組み立てられました使用するのが楽しみです,目的
ドールハウスの家具を作るのに購入しました,目的
基礎的な知識をしるのにいいです,目的
暑い時には汗による滑り止めとして使えます,目的
春に植える作物用に買いました,非目的
ランチョンマットを作るのに,目的
データを全て０台のｈｄｄにいれるために購入しました,目的
タブレットの映像をテレビに出力するために購入,目的
お家で使う用に買ったけどプレゼント用にも買えば良かったなと思っています,非目的
きちんとコートできているように思います,目的
家で新札を保管するため用に購入しました,目的
ほどよくボリュームが出て買ってよかったです,非目的
影が壁に映っていい感じです,非目的
自分でピントを合わせずとも勝手に合ってくれるナイスピント,非目的
分厚くて痛くなく私の狭い部屋でも邪魔にならずに敷けます,目的
金属アレルギーのある妹にピアスをあげるために購入,目的
楽天モバイルの格安ｓｉｍに使用する為に購入,目的
知り合いが使用してて良さそうだったので職場のディスク用に購入しました,非目的
少し高いがゲームｓｔｅａｍでコントローラーを使うなら圧倒的におすすめ,目的
負荷を上げるために購入,目的
長財布と携帯を持ち歩くために購入しました,目的
レンズの厚みが少し厚めですね,非目的
収納時に丸い形になるワンタッチテントがうまく片付けられず今回悩んだ結果こちらにしたのですが大正解でした,非目的
息子の受験勉強用に購入夏ごろから座面のクッションの縫い目がほつれ始め,目的
熱帯夜に涼しい所に移動して寝るために購入しました,目的
ラッピングもしてもらえておまけもついてくるなら自宅用もこちらのショップで購入すればよかったと後悔です・・・・,非目的
夜間の授乳の際,目的
ほぐして水でのりを落とす段階で０本程抜けました,非目的
いつも使用している物に飽きたので気分を変えるために購入しました,非目的
コーヒーを入れて持って行くために購入,目的
本体と充電器はマグネットでカチッとくっつくので充電器がコロンと転がってもちゃんと付いたままです,非目的
組み立ても簡単で毎日子供がピョンピョン跳びはねて遊んでいるので買ってよかったです,非目的
臭いはあまり感じられませんでした,目的
子供部屋に置くために購入しました,非目的
お客様の同時予約の施術に使用する為に購入しました,目的
ママバッグに付けて子供をあやすのに使おうと思ってたけどもっぱらキーホルダーとして,非目的
レンズをリュックサックに入れて行く用に購入,目的
愛犬を乗せるために購入,目的
私は背が高いのでこれは手の位置が低くて校庭のライン引きのようになってますがとにかく軽さを優先させたのでまあそれは仕方ないかなと思います,非目的
トラガスにつけるのに買いました,非目的
全てがスムーズでした,非目的
子供の学校用品を収納する為に購入,目的
コントラストがはっきりして見やすいです,非目的
０歳の娘に読み聞かせ用に購入しました,目的
返品処理が面倒なのでこのまま使用しますが本当に新品なのか疑いたくなりました,非目的
糸が切れた数珠を繋げるために購入,目的
お友達に差し上げるのにいいです,非目的
ミニベロに使うスプロケ用に購入しました,非目的
屋外の駐車場に設置するために購入しました,非目的
前かがみになるとパンツが見えてしまいますがミニ丈の方が可愛い♪受注番号０－０－０,非目的
画像では白っぽいのに実物はパンツが黄色くてレース部分はくすんだピンクです,目的
階段を掃除するために購入しました,目的
サンドバッグを用いてボクササイズする為に使ってます,目的
リピートで子供の車検用に購入しました,目的
薄いので携帯用に良いですし取り外しも簡単で使い捨てじゃない点が良いと思います,非目的
以前はｓｓサイズも販売されていたのに最近は無くなったのですね,非目的
期待以上に防臭効果がありそうなのでｓサイズを購入しました,目的
お皿などに対する張り付きは抜群ですね,目的
バッグにつけるために購入しました,目的
ジュアール茶を煮出すために使うので茶渋が色が見えないのでよかったです,目的
ハサミの切れ味も良好です,目的
私はアルバムやスクラップブッキングラッピングに使う為に買ったので適度な大きさですが手帳とかに使うならｓサイズがオススメです,非目的
タイヤ足回りの交換にフロアージャッキを使う為に購入しました,非目的
ｋｉｎｄｌｅｐａｐｅｒｗｈｉｔｅを立てるのに使用,目的
娘が家で使うのに買いました,目的
子供の写真アルバムに使用するのに購入しました,目的
何回かで毛玉は取れますがやり過ぎると毛羽立ち過ぎてしまいそうです,目的
折り畳む時に斜めの金具が当たり簡単に外せますがペタッと閉じにくいのと脚を伸ばして固定する時に目盛があれば左右の高さが合わせやすくていいのになと思います,非目的
また使用後にコメントしようと思ってます,非目的
黒をビジネス用に購入しました,非目的
結婚式出席の時のショールを止めるのに使いました,非目的
着替えを入れるために買いました,目的
キャンプで星を撮影するために購入しました,目的
仕事で左右を示すのに使うので小ぶりなモノを探していました,非目的
手縫いでお弁当袋と買い物トートの裏地用あと軽い日用の布ナプキンライナーなどを作るために購入したのですが今のところ全く問題ないです,非目的
スティックｐｃピコレッタを冷やすために買いました,目的
フルフェイスのヘルメットを入れるために購入,目的
商品に不備はなくお値段も安くて良かったです,非目的
厚み大きさともにちょうど良かったです,非目的
母親のオムツを捨てる用に購入しました,非目的
洗濯物を取り込んだ際の仕分け用に購入しました,目的
いろいろ見ましたが結局このゴミ箱が一番使いやすいです,非目的
今のところは満足です,非目的
そのままだとナビ裏のｈｄｍｉに挿さらずカッターで少しプラスチック部を削りましたｄｒｉｖｅｐａｓｓも使用可能になりまたｈｄｍｉミラーリングもできます接続時の反応も早く満足しております,目的
プロジェクターにｃｈｒｏｍｅｃａｓｔブルーレイレコーダーｐｃを接続するために購入した,目的
実際にはまだ使用してないので星０つにさせていただきます,非目的
ぺレットを入れるために購入,目的
大きすぎないので必要なものだけ持ち運ぶのにいいです,非目的
でも価格を考えると千円で０回使えれば十分です,非目的
コルクマットを隠すために購入しました,目的
風呂上がりに乾かすのと軽くセットするのに使用します,目的
試しに星空を撮る為に使いましたがコンデジ位の重量なら安定しておりました,非目的
バッグに入れて持ち歩くのに便利です,非目的
弁当も水筒もまとめて入るし空を持って帰る時は放り込めて楽チン,非目的
パーカーカーディガンはｕｖカット付き,非目的
シュトーレンに挑戦するために購入しました,目的
子供の少ない毛を結ぶために買いました,目的
座面だけでなく足と首の角度調整ができて楽しいです,非目的
子ども達にも人気です,非目的
知人に勧められてファスティング用に購入しました,目的
生地もしっかりしてて申し分ないです,非目的
固定の方法が何種類があり０小さい子供などの心配がなければテレビに掛けるだけ０同封されている粘着テープでテレビとパネルを固定０同封されている強めの粘着テープでしっかり固定となっておりました,非目的
安い,目的
ハムスターのケージを置く為に購入しました,非目的
ニスつきの家具を剥ぐために購入しました,目的
フェルメール展に行くために購入しました,非目的
と同時に複数の店舗で買い物をしてたのでわかりませんでした,非目的
日本製です,非目的
牛乳パックでヨーグルトを作っているのですがそれをわけて保存するのにちょうどよいです,目的
教科書や文具などを分けて入れられるので良いと言ってました,非目的
ストレッチをするために購入しました,目的
小学校三年生の娘に学校用に買いました,非目的
データ容量の大きい画像などをｐｃ移動させるために購入,目的
新生児にエルゴ使ってます,目的
缶ビール冷たいまま運ぶ為に買いました,目的
車の中で使用するために購入しました,非目的
必要なものを入れたら,目的
お弁当に持って行くときは解凍して小さなおにぎりを０個待って行っています,非目的
軽くて柔らかく,目的
野菜不足を補う,目的
仕事で日焼けを防ぐ為に,目的
一番小さい０ミリのグリーンにしました,非目的
収納部が０箇所なのは使いやすい,非目的
アルミダイキャストに刻印するために購入しました,目的
生地もしっかりしていますが少しプリント部分は安っぽい感じです,非目的
価格以上に大満足です,非目的
結婚式のウェルカムバスケットを作成する,目的
とても便利で購入して良かったです,非目的
ケーブルが意外に太く断線の心配はないがちょっと重たいのが少し気になる程度です,非目的
プランターを乗せるのに,目的
クラスの女の子用に購入しました,非目的
糖尿対策に満腹感を得るために購入しています,目的
とても気に入ってます,非目的
ショップも商品もおすすめしません,非目的
実印用に購入しました,目的
大きさも丁度よくて良かったです,非目的
このお値段で送料も込みでとても満足しています,非目的
夫が仕事で使うのに購入しました,非目的
狭い玄関に置くために購入しました,目的
強風は台風なみですね,非目的
ｌｕｍｉｘｇ０で０ｋ撮影を行うために購入です,目的
概ね満足です,非目的
ｕｓｂホスト機能のあるａｎｄｒｏｉｄスマホにｕｓｂファイバースコープを接続するために購入しました,目的
０年生の娘にピアノの発表会用に買いました,目的
旅行用の小さめの三脚を収納するために購入,目的
雨風を防ぐために三面にするために買い足しました,目的
子供が習い事を辞める時のお礼用に購入しました,非目的
生地が少し厚めで暖かい点が良かったです,目的
高校生の息子がカヌーに乗るのに使用しました,非目的
減量と栄養をつけるために購入,目的
春の運動会で使いました,非目的
スマホを充電するのに購入しました,目的
結婚式に出席する為に購入しました,非目的
円形脱毛になり隠す為に購入しました,目的
梱包が丁寧でした,非目的
作りはそれなりにしっかりしていますがやはり質感は少し安っぽいです,非目的
取り付けはなんとかできましたがリクライニングの仕方がよく分かりません,非目的
右です,非目的
お弁当をつめるときも,目的
お人形の服を作るのに購入しました,非目的
０歳の息子がスキーをするために購入,非目的
ただ自分の確認不足でしたが蓋の裏にマジックテープが付いていると思っていたのですが無く今持っているモノよりハンカチ等落ちる心配があるので星ひとつ減らしました,非目的
使うのが楽しみです,非目的
ただ説明書がなかったので電池を入れる方向とかちょっと迷ってしまいました,非目的
飲み物を冷やすために使ってます,目的
０階から冷蔵庫を搬出するのに使用,目的
セットで買えば家用と持ち運び用に使えるので便利です,非目的
靴にかけたらなんとなくはじく程度,目的
ボディーカラーはメタリック感はさほどなくマット寄りのグラデーションなのでオレンジ色のカニカマを彷彿させられる不思議なお色です,非目的
リョービやボッシュを使っていましたが軽くてパワーがあると好評です,非目的
かなり雑な扱いですがくたばらずに使えてています,非目的
かばんに付けるために購入,目的
０ｌ判の写真マタニティフォトを入れる為に購入しました,目的
本当に柔らかくてパックに使うのに便利そうでした,非目的
ダイキンの空気清浄機を母の部屋に導入する為に購入,非目的
スマホホルダーを固定するのに便利です,目的
何度も読み返す必要があるのかなと感じています,非目的
カーキを購入しましたが合わせやすいお色で暗すぎず気に入りました,非目的
ｔｉｇ溶接で使用する為に購入,目的
また価格も安いのが良いですね,非目的
火傷しそうで怖いけど気を付ければ大丈夫そうです,非目的
とにかく大きいですが机と椅子を入れるとそんなに広くもないかなー,非目的
主にお風呂で音楽やラジオを聴くのに使っています,目的
掃除機かける,目的
子供の成長期にカルシウムを補うために購入,目的
でもどうせ数回しか行けないのでお安く買えて良かったです,非目的
子供のお茶を煮出すのに使用します（＾＾＊）,非目的
会社に置いておくのに購入しました,目的
幼児と妻が一緒に寝るため,目的
大きなうちわを飾り付けるお花を作る為に購入,目的
使用感は後日本人から聞いてみます,非目的
まー必要なものなので買いました,非目的
ダイソンの掃除機を立てかける用に購入しました,目的
庭の落ち葉を吹き飛ばすために購入した,目的
寝かせる目的ではなくテーブルで食べれる用に買いました寝かせる目的では手動ではきついですね,非目的
赤ちゃんを撮影したり家族写真を撮るために購入,目的
ビニール特有のべたべたごわごわ感あり,非目的
リュックの中に入れて使う用に購入しました,非目的
ポイントで買いました,非目的
安っぽくなく防音効果も感じられます,非目的
タオルエプロンを作るために購入しました,目的
今回は破損や汚れを防止するために購入しました,目的
いろんなショップさんを探しましたがダブルのタイプは初めて見たので斬新でした,非目的
洗い物も少なくて済むので重宝しています,非目的
子どもの小学校入学用品を作るのに購入しました,目的
コンパクトデジタルカメラを持ち歩くのに購入,目的
大きなフライパンだと洗うのが意外と大変で使うのも億劫でしたがこれなら気軽に使えます,目的
保育園でリズム遊びをする時用に購入しました,非目的
左での薬指に重ねづけ用に購入,目的
ジム内でボトルやタオルを持ち運ぶのに利用しています,目的
ウッド系のダイニングテーブルに合わせる為に購入,非目的
またサイドの部分も半透明なため気のせいか明るく見やすかったようにも感じました,非目的
スッキリとまとまりそう,目的
ベッドで寝ながら動画を見るために購入,目的
アタッカーですがとても軽くて動きやすくジャンプもしやすい,目的
薄手で洗濯も楽そうです,非目的
もともとはイベントの小道具を入れるために購入しました,目的
きちんと点灯消灯します,非目的
すぐ届きました,非目的
価格がお得なので仕方ないのかな,非目的
家庭用のデスクと迷いましたがこちらにして正解でした,非目的
旅行時に使用する為に購入,非目的
子供の誕生記念につくり早速口座を開設するのに使いました,非目的
デザインもすごくかわいくて首元がマフラーにもなっているので耳も隠れるし一石三鳥です,目的
いい感じです,非目的
ジャッキを購入しましたバイクが大きいのでセンター用と前後用に使用します,目的
普通のスポーツリュックではいまいち頼りなくて,目的
電流の変化をテストするときに交互に表示は見にくかった,非目的
夜のテントサイトを彩るために購入,目的
冷房の節約に,目的
軽くて旅行などの持ち歩きにも良さようで買って大満足でした,非目的
子供の幼稚園の手さげ袋等を作るために,目的
ややぽっちゃりな娘ですがサイズはちょうどでした,非目的
キャッシュバック期間に０ブランド揃えるために購入しました,非目的
ピアスは使ったことがないのでわかりませんがこのくらいじゃないと落とすのかな,非目的
ただ若干チープに感じましてもうチョット安ければという事ですいません星一つ減らしました,非目的
しっかり手を入れて洗えるのでお手入れしやすいです,非目的
クローゼット内に設置して収納棚として使っていますがデザインが素敵なので室内で見せたかったかも…,目的
しかも天板を支えるためには０脚セットなのでもう０セット購入しなくちゃならないという・・・｜￣｜○どっか街の加工業者さんで天板に合う脚をお安く製作してくれないのだろうかと思う,非目的
つばも広く夏に外で使用するのによいし,目的
海外旅行で洗濯用に買いました,目的
大きいクローゼットの中に置く為に購入しました,目的
本当はネイビー系が欲しかったのですが完売してたのでボーダー系に,非目的
パープルを購入しました＾＾軽くてかっこよくてころころもスムーズでした,非目的
大人０人でゴロゴロできるくらい広く設置や片付けも楽ちんでストレスなく使うことができました,非目的
スマホケースに装着する為に購入しました,非目的
水の中に入れるとクラゲみたな色に見えるのでカラーコーディネートを考えてほしいかなと思います,非目的
まあ送料込みでこの値段ならいい方だと思います,非目的
ワイヤレスガイドを疑似ステレオにするために購入,非目的
服はズボンもシャツもサラッとしてて着やすそうです,非目的
以前リビング用に０つ購入しました,非目的
０個だと冷凍庫がいっぱいになってしまうのが難点ですがそれでもまた購入したいと思ってしまいます,非目的
実際にはまだ使用してないので星０つにさせていただきます,非目的
冷え対策と便秘解消対策で甘酒をつくるために購入しました,目的
タブレットに傷がついてしまう,目的
色違いであってもいいかもしれません,非目的
たまに普段の離乳食の時にご飯やお味噌汁を入れるのに使っています,目的
子供には大きいので半分にして使ってます♪,非目的
娘がスマホで音楽動画を見るために購入,目的
会社敷地内に除草剤を撒くのに購入しました,目的
下はペラペラで薄いですがこの値段なら仕方ないのかな,非目的
秋に向けたトレーニング用に購入しました,目的
その前に帰省で使おうと思いましたが・・・飛行機の機内預りできない大きさでした,非目的
ガスコンロ近くの壁に貼るために購入しました,目的
サイズ的には子供にピッタリでした,非目的
ダイソンを立てるのに使用しています,目的
お友達とハロウィンのときに０人で着るために購入しました,目的
ケーキや果物を乗せるのに使うことが多いです,目的
娘の発表会で使用するのに購入しました,目的
妻に着用してもらうために購入しました値段のわりに品質良いですしお薦めです,非目的
車内を黒と赤に統一するため,目的
手帳としてはａ０は大きいほうですがａ０のプリント類を挟むのに便利です,非目的
色も選べていいですね,非目的
ホットヨガに持って行く為に購入,目的
今は問題なく充電出来ています,非目的
０歳０歳になる子供たちの食事用に買いました,目的
衣装を夢の国に着るため,目的
子どもたちが自分で起きるくせをつけてもらうために,目的
今度保育園に入るのに使用するんですが小学校入学まで大事に使おうと思います,非目的
低反発の感触がとてもいいですまた表面の毛足も気持ちいいです,目的
夜間に走るのに使用しています,非目的
小銭も沢山入り,目的
お値段の割にしっかりしていて高級感もあります,非目的
電動自転車に乗せるために購入しました,目的
ａ０用紙と文具類の収納そしてチェストの上にｆａｘ電話を置くために購入しました,目的
外履きのスリッパを玄関ですっきり納めるために購入しました,目的
慌ててネットで新しい物を探しこちらのショップに注文,非目的
プレミアムスカパーを見る,目的
息子のｇｎ０ｈに積載スペースを増すために購入した,目的
スマホから写真データを抜き出すのに購入しました,目的
小学生の遊びに行くとき用に購入しました,目的
細く高いから仕方ないけど設置中は大丈夫です,非目的
化粧品やちょっとした飲み物を入れるのに購入しました,目的
部屋の壁に吊るしておくと何もしなくても突然青や赤にゆっくりと点滅を始めて,目的
スピーカーと同時交換用に購入したのでこれを付けた前後の比較が出来ないので普通と評価しました,非目的
普通のイアホンは耳に圧迫感がありなじめませんでしたラジオ放送を聞きながら作業するのに便利です,目的
お弁当箱とマグボトルを入れる為に購入しました,目的
かわいらしいものが多くあるのでお祭りの景品にぴったり,目的
こんな製品があってうれしいです,非目的
ビーズブレスレットに使うため,目的
デザインだけでなく質感も良く先が滑りにくい構造でしたので良かったです,非目的
天蓋カーテンを作るために買いましたが生地はサラサラしていますがしっかりしたものでお部屋の雰囲気作りに大変役に立ちました,非目的
玄関周りの地面や外壁の汚れが落ちる事で玄関の雰囲気も明るく変わりました,目的
汎用サイズの醤油と味も変わらないしこれと言った問題はありません,非目的
が本体の０箇所ほど傷もあり塗装が剥げている部分がありました,非目的
業務で屋外の間仕切り用に購入しました,目的
釣りが好きで釣果を保存するのに使用,目的
０キロちょっとの梅干しを漬けるのに購入しました,目的
しっかり加湿してくれています,目的
バスパワーのケースなので思ったよりはスピードは出ません,非目的
自宅で気軽にできる腹筋トレーニング用に購入,目的
卵をとくのに使ったりしています,目的
小学生になると私服なので来年用に購入,非目的
入浴時は薄手が洗いやすくて好きなので,目的
知り合いの家のトイレを自動点灯にするために購入しました,非目的
小学生の娘に使わせるために購入,非目的
肌触りも良く安いので毎回お世話になっています,非目的
プロ野球選手のワッペンを取り付けるのに使いました,目的
幼稚園で使うのに買いました,非目的
お弁当や水筒を乾かすために購入しました,目的
０人目が産まれる為上の子を保育園に一時預かりする為に購入,非目的
キッチンに置くととてもオシャレです,非目的
気軽につま弾くのに利用すると割り切ってつかう,目的
草押さえと美観を出すために,目的
サバゲーを始めるために購入しました,非目的
これだと季節を選ばず使えそうしっかりした作りで０円未満には見えないいい風合いです,非目的
また購入したいと考えています,非目的
春先に着用する為に購入,目的
彼の車につけるために購入,非目的
横にチャックがあればもっと良かった,非目的
０月から保育園に入れることになったので持ち物に名前をつけるために購入しました,目的
大変役立っています,非目的
大きさも簡単に切って調整することができます,非目的
ラジオ英会話を録音するため,目的
遠方のお墓にお供えするのに購入しました,目的
お札二つ折りで入ります,目的
バレーボール用ですがテニスで娘の部活用に購入しました,非目的
今度のハロウィンで娘が仮装するために購入すごくしっかりした作りで満足しています,目的
春から入寮する息子に衣類などを宅配するのに使用しますが,目的
０円には見えません,非目的
オール電化なので災害時用に買いました,非目的
今のところ問題なく使えています,非目的
ゴルフバッグに付ける為に購入しました,非目的
先日旅行に行くのに購入しました,非目的
この商品を敷いたところ暖かくなったようで底冷えも柔らだ,目的
感染を予防するのに使っています,目的
本当は使いまわしやすいベージュでクリップタイプを探していましたが数回しか使用しないので安価なものを色チェックしました,非目的
自宅で鍋をするために購入しました,目的
ただ見た目に比較的高級なチェーンリングに近いデザインですし形状や色も選べることから選択肢としては良いのではないかと思います,非目的
が私のミスで大分大きいものを頼んでしまいました,非目的
体を冷やさず,目的
オススメです,非目的
取手部分がほつれかけていて持っていると落ちそうだった,目的
接続も問題無かったのですが受話音量の調節が難しいです,目的
絵を描くのに使います,目的
０ｃの配線と０ｃをつなげるのに購入しました,目的
手作りアクセサリーを作っているのでそれを送る為に購入しました,目的
衣類を入れるために購入しました,目的
突っ込み癖のある打撃フォームを矯正する為に購入使用した感じは良い感じです,非目的
自転車に取り付けるのに購入しました,目的
バースデイカードを発送用に使っています,目的
ウェットティッシュケースを作るのに購入しました,目的
長さを最大限０ｍまで伸ばして使用しているのですが構造の為か結構な重さにも耐えれそうなくらいしっかりしてます♪上司からもお褒め頂きました,非目的
ちょっとしたものお弁当用のおかずなどを冷蔵庫に入れるのに使っています,目的
軽いので娘が自分で移動するのに便利,目的
シーツや布団カバーを保育園から持ち帰るために購入,目的
保育園に持って行く布団を入れる為に購入しました,目的
ゆったり着せれました,非目的
幼稚園のスモックにつけるために購入しました,非目的
受注番号０－０－０,非目的
０人分の中国茶を入れるのにいいです,目的
発送数が多いので価格が安く助かっています,目的
沖縄ですが早く着き迅速な対応ありがとうございます,非目的
気に入った電子タバコのケースが無かったので自分で作成する為に購入しました,目的
髭は永久脱毛してるのですがそれ以外の部分に使うために購入しました,目的
今畑の土はふかふかです,非目的
使用チェーンリングが０ｔだったので０ｔ用を取り付けています,非目的
本日届いたので機能を確認しましたが問題なく動作します,非目的
手元に届くまでに０週間以上かかりました,非目的
結果スーツケースには傷一つなかった,目的
クローゼット内で着物を収納するために買いました,目的
友達と写真を撮るため,目的
学校や幼稚園のプリントを整理するのに購入しました,目的
オレンジ色に白い星の柄は写真通りに可愛いです,非目的
順を追って理解するのにとてもよいシリーズ,目的
ノズルのデザインにはあまり意味を感じないのですが風量の調節がターボ以外にドライ用とセット用になっておりクールとホットの機能と組み合わせることができいくつものパターンの中から好みの使用方法を選べます,非目的
自宅のマンションタイプｌａｎ環境につなげるために購入,目的
ゴルフの時に流れてくる汗止め用に購入しました,目的
収納力もありオンオフで使えそうです,非目的
感じたくらいでしょうか,非目的
新車にナビを付けるのに購入しました,非目的
タイヤがすり減ってきたので交換用に購入しました,非目的
フレームとシトロンをサロン用に購入,非目的
本体自体は軽いので倒れないかな…と思いましたが電池の重さで安定しそうです,非目的
大量の子供の写真を整理する為に購入,目的
使い心地がいい,目的
園児のお弁当サイズ,目的
家で練習するため,目的
練習したい曲などを登録できるのでそれも便利です,非目的
注文した翌日に届き早くて助かりましたが開けてみると既に空気が半分入ってるかどうかの感じでした,非目的
ちょっとしたものお弁当用のおかずなどを冷蔵庫に入れるのに使っています,目的
移動ポケットを作るのにとても助かってます,目的
母が主に使用する為に購入したので複雑なソフトが入っていないのでよかったと思います,非目的
マッサージもやりやすいです,非目的
グリーンをコス用に購入しました,非目的
受験生の息子が机の上で使う用に購入しました,非目的
部屋のフィギュアやｃｄを飾るのに使っています,目的
台の上に置いて挽くというよりは持ち上げてやる方が挽きやすいです,非目的
いい買い物ができました,非目的
０日に０箱ペースだった彼氏も０日くらいは持つようになりました,目的
子ども用の音楽をかけておくために買いました,目的
サンドバッグを用いてボクササイズする為に使ってます,目的
ツバも広いので日差しから守られそう,目的
洋服を縫うために購入しました,目的
タブレットの充電具合をチェックするのに使用中ｕｓｂプラグがなぜか曲がって取り付けてあったのを修正した,非目的
製品としては最悪でした,非目的
風船は０つありどちらも半分くらいしか空気がはいっていなかったのですがこの二本でちょうど足りたくらいです,非目的
高評価,目的
ステージから遠い席なのでしっかり見たいと思って購入,目的
今回ツレのトゥデイのシートが破けたため同じお店のものを購入,非目的
車で移動中の睡眠用に購入,目的
縦も指でカーソルを動かす部分に被るのでそこを切り取るようにカットしました,非目的
ハンティング用に購入,目的
手先が器用でない小０の息子でも十分扱えますし防犯ブザーをつけても干渉しないスッキリしたデザインで親子とも気に入っています,非目的
余った石を入れるために購入しました,非目的
つばが広く調整出来るのでとても使いやすくマラソンで通常より安く買えて嬉しい,非目的
フローリングにしくために購入しました,目的
たこ焼きを作るため,目的
原付が台風で倒れないか心配で購入,目的
リビングのカーペット上で使うために購入しました,非目的
小０の息子が書道を習うのに購入した,目的
ワンコの散歩に行くのに使ってます,目的
このペースですと０ヶ月に０本は消費しそうです,非目的
北海道なので別送料がかからないのが良かったです,非目的
このおかげで身体が温まるのも早いし汗をかいても気になりません,目的
キッチンバサミで切っておにぎり用に利用してます,目的
間に合って良かったです,非目的
身長０ｃｍ体格普通,非目的
これが使い勝手がとってもいいい,非目的
［受注番号］０－０使用していた据え置きサイズのヘアアイロンが故障したため修理の間に使うために購入,非目的
その他は真ん中と内側に収納しても余裕があります,非目的
手帳に貼るために購入,目的
価格,目的
教材のものをラミネートする為に,目的
コンビニなどちょっとした外出にもそのまま着ていけそう,目的
布製のスーツケースを守るために購入,目的
触った瞬間はひんやりしますがふわふわでボリュームがあってあったかいです,非目的
発送も早かったです,非目的
発送も早く送料無料でｏ（＾▽＾）ｏまた購入しまぁす（＾＾）,非目的
細かい細工のゴミを取り除くために使います,目的
孫を乗せるのに購入しました,目的
０金なので変色なども気にしなくて良いのがいいです,非目的
愛犬のリード・首輪・ハーネスを作るのに購入,目的
前回買ってみて可愛いし明るいし使い勝手もよかったので今度は自転車にとりつける用に購入しました,非目的
０ｋ動画も撮影できるので旅行中のビデオのサブにも使えました,目的
春から使うのを楽しみにしてます,非目的
画面も綺麗でとても満足しています,非目的
カバンの中に入れて使うインバック用に買いました,目的
質感が違うんですねーこちらは真っ黒ですが猫ちゃんはシルバーがかった黒です,非目的
吸引力は少し弱いかと思います,非目的
一緒に買った浴衣と合わせて使う為に購入しました,非目的
少し前に旅行用に購入しこの度の旅行で使いました,非目的
つまみ細工に使うために購入,目的
和式に近い体勢が良いと聞いていたので購入してみましたが情報通りで役に立ちました,非目的
父親のギフト用に購入,目的
リピートです,非目的
ゆっくり縫うモードに切り替えて練習しています,非目的
どれだけ負担＆待たせるつもりですか,非目的
リフォームに合わせて自宅用に買いました家族にも好評でした,非目的
夫婦二人で普段用に使うフリーカップを探していた,目的
マルチストライプ購入,非目的
コートを掛けるのに買いました,目的
大きさも丁度良かったです,非目的
ブラック猫ちゃんをつけるために購入しました,非目的
娘が小学校に入学する為に購入,非目的
注文した翌日に届きました,非目的
こちらで浄水した水でお茶をいれるのが楽しみです,目的
接着させるのに使っています,目的
中国製ですが今は殆ど中国製です,非目的
ちなみに洋服はユ◯クロ今日で入園０週間が経ちましたが０回の洗濯で剥がれたものが０点あります,非目的
遠くからでもポイントになり自転車が見つけやすいです,目的
が対応していただけました,非目的
作りも丁寧で気に入りました,非目的
普通のキャリーケースは持ってますが別にコンパクト（ｓ）サイズのキャリケースを０泊用に使ってましたがそれの代替えで購入しました,非目的
プールに行く為に買いました,目的
小物を作るのに使いやすいサイズだ,目的
ｔｏｒｑｕｅのハードホルダーのカラビナを交換するために購入しました,目的
使い終わった後に何度も挑戦しましたが袋が小さくて入らないのでいつも主人に片付けてもらってます,非目的
横のメッシュは効果大,非目的
ガスボンベ０本付でしたので後から買い足す必要もなく万が一にも安心です,非目的
加熱式たばこは初ですが車内で吸うために購入,非目的
保育園の発表会で使うのに購入しました,非目的
友達が泊まりにくるために購入しました,非目的
幼稚園送り迎えに下の弟用に購入しました,目的
携帯電話を置くのに使っています,目的
エアコンやテレビを操作するのに購入しました,目的
クリスマスの飾りとしてタペストリーにして飾るために購入しました,非目的
透明ポケットに入れてもギリギリ見えるようですがこの手の商品はどれもそうなると思います,非目的
夫婦でレジャー用に購入しました,非目的
こんなことなら洗い替えに０つ買っときゃ良かったかも・・・,非目的
総合的には安くていいものが買えて満足しています,非目的
気に入ってくれると思います,非目的
レビューを見て購入しましたがコンビニ価格と大差ないのにケーブルがしっかりしていてとても良いと思いました,非目的
とても丈夫,目的
可愛いですまた買います,非目的
一緒に練習するとき用に購入,目的
洗濯ものを乾かすのと,目的
ガン入院で荷物を持ち込むのに使用しました,目的
とっても可愛いので幼稚園用に購入しました,非目的
素材,目的
まだ実家に置いてあるため使用してないけど手で押さえた感じ良さげな感触,非目的
主人の単身赴任先で家族が宿泊するのに使います,非目的
好きな生地でパネル作りをするために購入しました,目的
大型テレビにｐｃを繋ぐために購入,目的
チャックが破損してしまい今回のものを購入しました,目的
普段筋トレしているので補助的に毎日の腹筋用に使います,目的
携帯経由,目的
もう０個は車のシフトポジションの配線につなぎました,非目的
自転車に取り付けるのに購入しました,目的
布巾をキッチンで手洗いするために購入しました,目的
サイズもコンパクトで旅行用に使うディスプレイにピッタリでした,非目的
ベンガル料理に使うパンチホロンというスパイスミックスを作るために,目的
普段でも使えそうですしとてもお気に入りです,非目的
ホースをまきとるのにとても楽でした,目的
自分の好きな時間に聞く,目的
クランクプーリーを緩めるのに買いました,目的
０時頃入れたコーヒーがお昼０時でもまずまずの温度を保っています,目的
日本製です,非目的
ペンダントトップを作るために購入,目的
娘の小学校で使用するために購入しました,非目的
折り畳みナイフのグリップに蜜蝋を刷り込んで耐水性を上げる為に購入,目的
軽い日用の布ナプキン,目的
娘の七五三用,目的
イヤリングにする用に購入しました,非目的
デザインもシンプルでコードが長く作業所には大変使い勝手が良いです,非目的
子供のトイレトレーニングに伴い洗面所での手洗いに使う為に買いました,非目的
文鳥の目が白内障になり広いケージで暮らすの事が出来なくなったため,目的
毎日ガツガツ使っています,非目的
除虫菊の蚊取り線香を使用する,目的
マルイのハイキャパ０．０に付けるために購入,目的
コピー用紙を整理するのにとても良かったです,目的
シーズンオフだったのでお店には無くネットで探してみたら可愛いのが買えて良かったです,非目的
減速機のベアリングを取る為,目的
この容量だと大量の画像と動画が送れますね,非目的
物は値段のわりにしっかりしていてこれはこれで小さなバック用に使います,非目的
厚さはあるが直ぐに凸凹となるのが残念,非目的
低温調理に使うために買いました,目的
入園準備でレッスンバッグなどとお揃いで買いました,目的
大人のピアノ教室に通い始めたので自習用に使おう,目的
作品作り楽しみです,非目的
カメラを片手に通学しております,目的
０ヶ月になる赤ちゃんの荷物などを入れるのに買いました,目的
クロゼットの収納用に買いました,目的
きちんとドアのストッパーができました,目的
小学校のバザーで売る巾着袋を作るために買いました,目的
新居で使う為に購入しました,非目的
わざわざ一緒に別の譜面台買ってしまいました…,非目的
まだつけてないですが子供が見た瞬間とても喜んでました,非目的
思ってたより小さいもう少し大きいサイズがあるといい,非目的
つけ心地も良かったです,非目的
中学生の息子が陸上で使うために購入,非目的
野菜不足やビタミン不足を補てんするために購入,目的
日の覚書などを書くのに使おうと思います,目的
給食を食べる時に着せるために購入しました,非目的
図解がとても簡単で不器用な女でもすぐ取付できました（＾＾）ｖネットで調べたら梁の場合は当て布をした方がいいかもとのことだったので家にあった帆布のハギレをかませてます,非目的
ノートｐｃを持ち運ぶために購入,目的
この値段でこのスペック,非目的
日記帳の中表紙の縁に貼って強化したり映画や美術展の半券を貼るのに使用しています,目的
雰囲気が素敵です,非目的
０センチが良かったものの無く０センチにしました,非目的
義実家へおせちを初めて持っていくのに利用させてもらいました,目的
夜のテントサイトを彩るために購入,目的
息子の水泳用に購入しました,目的
すぐ乾くのもいいです,非目的
一応再入荷メールをお願いしたのですがまた再入荷メールがきたあとにすぐに購入しようと思ったらまたすぐに完売になりました,非目的
思ったより小さいけど中に仕分けがついていて使いやすそう,非目的
子供との入浴ｔｉｍｅを楽しくするために購入,目的
取り敢えず使い続けたいと思います,非目的
ｐｃ画面をテレビで見るために購入しました,目的
新築の家に取り付けてもらうために購入,非目的
引越し先の電気を装着する為に購入しました,目的
お手頃な値段で買えてよかったです,非目的
新居に設置するために購入しました,目的
草刈り機の混合ガソリンを入れる為に購入,目的
目立ち過ぎないネコのワッペンを探していて見つけました,非目的
バレエ公演の楽屋で衣装をかけるために購入しました,目的
背筋を伸ばして姿勢がよくなればよいのですが期待はこれからです,目的
取り付けようとしましたが傘は斜めになるし傘の重みで棒が倒れてくるしで,目的
近所に買い物やジムでタオルやスマホペットボトルを入れる用に購入,目的
掃除が楽しみになりそうです,非目的
今後洋服を洗濯する度に剥がれていないかタグを確認するのが非常に面倒です…レビューが何故こんなに高評価なのか大変疑問です,非目的
データを移行する為に購入しました,目的
安くてに入ったので良かったです,非目的
マットをヨガワークスのものを使用しているのでこちらにしました,非目的
スマフォを充電するために使用してみました,目的
組み立ても簡単で幅の調整も出来るので我が家の狭い洗濯機置き場でもスッキリ片付けることができました,目的
ベッドをやめて地べたで寝るために利用,非目的
ｍサイズを購入しましたがちょうど良さそうです,非目的
が滑り止めはないのでするする動いてしまう為下に防音＆滑り止めつきマット敷きました…,非目的
いろんな色のラインストーンを仕訳するのに便利,目的
釣具を載せる為に購入しました,非目的
少し急いでいたので届くのが心配でしたが０日の０時半ごろに注文して０月０日の０時に到着しました,非目的
夏休み帰省先で使用するために購入しました,非目的
結果財布スマホ化粧道具など最低限の物を入れてちょうどいい感じです,目的
抗がん剤で脱毛したためおうちでかぶるために購入,非目的
レッドを購入しましたが良い感じで庭が明るくなりました,目的
膨らませた風船の口を縛らずに止めることができて簡単です,非目的
ウエアやタオルペットボトルも一緒に入りますがあまり重くして肩紐が取れてしまう,目的
夜間工事でしようする為に購入しました,非目的
全く痒み等無くなりました,非目的
光触媒の効果は届いたばかりなのでわかりませんがあると嬉しいですねっ,非目的
インテリアとして設置するには最適です,目的
洗濯機の周り下がキレイに保つことができそう,目的
まだ雨は降っておりませんが今からさすのを楽しみにしています,非目的
体育館で使用するのに買いました,非目的
ハーバリウムで使う,目的
金属の長い棒などそのままでは粗大ごみになってしまうものを細かく切るために購入しました,目的
柿のヘタまわりの果肉を水平に落とすのに購入しました,目的
とても可愛いく大きさも丁度探していたサイズで購入して良かったです,非目的
新居のこども部屋につける為に購入,目的
お客様用に使おうと思います,目的
色は写真より濃く子どもも気に入っていました,非目的
まだ０ヵ月なので良くわかって無いとは思いますが…膝に座らせて読んでやるとジッと見ています,非目的
ワインクーラーや氷取り皿などサイドに置くのに便利でした,目的
お品は可愛いし娘も喜んでいます,非目的
本日届きました,非目的
愛犬のお薬を測るのに買いました,目的
品質も良いチェーンだと思います,目的
重箱を広げるのに便利,目的
アロマオイルと一緒にクリームを作るのに購入しました,非目的
まだ使用していないのでわからないですがフィルター要らずが便利と思います,非目的
運転中に後ろの子供の様子を見るために購入しました,目的
バレーボールをしてる娘の試合観戦,目的
離乳食を作るために購入しましたが,目的
アピオのエコノバンパーを取り付けるために,目的
麦茶を入れる為に購入しました,目的
価格も嬉しい,非目的
パソコンとテレビをつなげる為に購入,非目的
お楽しみ会をするために購入,目的
最近はヨーグルトにも入れて美味しくいただいています,非目的
使いやすそうです,非目的
越えられるようになると降りる場所にマットを敷きました,非目的
一度プレゼントで頂いたことがあり娘が気に入って離さないので替え用に購入しました,非目的
運動会で使用する,目的
使用用途が下敷きなのでデザインは関係ないのですが見た感じモダンで色合いもいい感じでした,非目的
イベントに来られたお客様用に購入,目的
予想していたテイストとは違いましたが着せやすそうなアイテムばかりなのでよかったです,非目的
子供とスキーに行く為に購入タイヤとホイールで安かったので買いましたスーパーセール中でしたのでいつになるか,非目的
ボリューム調整もでき良い,非目的
ドライブレコーダーの映像をテレビに出力するために買いました,目的
０月から年長になる娘のお泊まり保育用に購入,目的
哺乳瓶入れも付いてていっぱい入るし満足してます,目的
手作りするため,目的
服装もカジュアルでもキレイめ外しアイテムでもいけるのもいい,非目的
安心して新生児と一緒に眠れそう,目的
０ｃのケースを探すのにとても苦労しましたがやっとこちらにあってよかったです,非目的
ストラップを大量に作るために購入しました,非目的
お昼頃に注文して次の日に届いたので発送の速さにびっくりです,非目的
効いていると思います,非目的
その段の収納力をｕｐさせるために購入しました,目的
親子で体幹トレーニングをするのに購入しました,目的
０ｃｍを０歳用に購入,非目的
テレビ番組を録画するのに使っています,非目的
シフトブーツ下部の手前に貼り付けるには丁度良い大きさでした,非目的
たけの始末をするために購入,目的
布地は少し薄めですが春から秋までずっと使えそうです,非目的
流行ってるメーカーらしいですがこのタイプのだと流行りが終わっても全然使えると思います,非目的
サイズ感は良かったです,非目的
砂糖や塩粉末のスムージーを入れるために購入しました,目的
楽しみです,非目的
持ち歩くのに便利です,目的
学校で買うのは来年なのですがクラブで使う為に購入しました,非目的
ピンとクリップと０ｗａｙですので,目的
少し大きめの作りというレビュー参考に０購入,非目的
カウンターに置いて使用,非目的
ヒゲを毛抜きで抜いてるので使用させたいと思います年頃の娘も喜んで使用しています,目的
横幅奥行はちょうどぴったりです,非目的
来月オープン予定のタイ古式マッサージのサロンに使う為に購入しました,非目的
とんがり帽子の方を会社用に購入しました,非目的
サンプルでもらった化粧下地やクリームファンデ美容液や乳液などを入れる為に購入しました,目的
とりあえず星四,非目的
大切な思い出の詰まったダイヤは家で大事に保管しておいてこちらのキュービックジルコニアを普段使いにするのもアリですね,非目的
ただ留め金,非目的
値段が安いのも検討しましたがマジックテープの貼り付けのみでレイアウトをいろいろ変えやすいし国産なので思い切って自宅用に購入しました,非目的
娘の小学校登校時に使うために購入しました,非目的
お菓子を乗せるのに使おうと思っています,目的
届いて早速使ってみました,非目的
ミッフィーがとてもかわいい,目的
職場の先輩に送るために購入しました,非目的
レールにゴミや砂等を防ぐ為に購入,目的
学校で使うために購入,非目的
子供の入学式の写真を親戚に配る用に購入しました,非目的
使い道が結構あると思います,非目的
物としては着火出来れば十分暖かくなります,目的
足を広げてみると左右対称に広がらずいびつに広がってしまいます,非目的
学校に履いて行くのに購入,目的
ドレスもかわいい上にお店の対応も素晴らしいです,非目的
おそろいのｔシャツを製作するために購入しました,目的
同じ系の黒ジャケット＆スカートを最初に卒園式用に買って,目的
フォグランプをｌｅｄにする為に購入しました,目的
職場で充電器を置いておくために購入しました,目的
自分に合う物を見つけたいと思います,非目的
カエルグッズ好きの母にあげるのに購入し作りました,目的
マラソンのアップに着るために買った,目的
娘が高校の学園祭でジュース販売用に使いました学校で用意されていたクーラーボックスよりも大きくて使いやすく,目的
ズボラさんでものを迷子にしやすい人にはオススメだと思う,非目的
安心してすれ違いができるので助かります,非目的
ワイン色を購入しましたがブラウン系で綺麗です,非目的
テーブルの上のゴミを片付けるのに購入しました,目的
０歳になる息子のお誕生日会用に購入しました,非目的
前髪のスタイリングに使いやすかった,目的
ベスト部分はアイロンがけマストです,非目的
はじめてデコをするため,目的
加湿器ってこんなもんだと思います,目的
子供達が自転車で中学校に通うのに購入しました,非目的
板貼りの部屋で使用するために購入される方が多いのではないかとは思いますがわたしは畳部屋で使用するために購入しました,非目的
０月０日追記★０→★０に変更このレビューを投稿後すぐにお店の方から連絡があり新しい筆と交換してくださいました,非目的
車のドアの内張を貼り替える為に購入,目的
娘の制服のプリーツスカートをとめるために購入しました,非目的
旅行で増えた荷物を入れるのに購入しました,目的
０歳半の娘を乗せる為に購入しました,非目的
ショップの対応も素晴らしく大満足です（＾＾）オススメです,非目的
ゴルフコンペの景品にするために購入しました,目的
完熟のすももをもらったのでシロップを作るために購入しました,目的
テレビで奥薗さんを知ってきっとわかりやすいだろうと思い決めました,非目的
犬のお留守番用に購入,目的
とにかく薄くて携行するのに良いです,目的
紙類や雑誌などの置き場所としてちょうどいいと思います,目的
使えるようになるかな,非目的
非常に軽量なのが旅行用にとても良かったです,目的
部活と道場とで使う子どもら用に購入しました,目的
ハンドメイドサイトやフリマサイトにはなかなか小ぶりなモノはなくてこちらで購入出来て作業の時短になり大変助かります,非目的
０文字の料金でした,非目的
海外旅行に行くのに購入,非目的
結婚式のプチギフトを配る為に購入しました,非目的
保育園のプールで使用する為に買いましたがサイズが思ったより小さめな気がしました,目的
夏の時期が終われば携帯の充電用など他の用途にも使っていきたいと思います,非目的
ライブを見る為に購入しました,目的
ボードも付いていて見栄えも良いので助かりました,非目的
しかもセール中で安く購入できてよかった,非目的
快適な自転車ライフを満喫する為に購入する事にしました,非目的
グリーンネックレスを入れるのに買いましたがすごくかわいい,目的
自作うきに取り付けやすい,目的
ｋ０のロングチェーンに合わせるのに購入しました,非目的
組み立て,非目的
気管カニューレと口腔内の痰を吸引するために購入しました,目的
ノートｐｃを入れるのに買いました,目的
子供の林間学校で使う用に購入しました,非目的
完成したフラワーアレンジの写真も送っていただきとても可愛らしいお花に仕上がり満足です,非目的
お風呂屋さんに行くのに買いました,目的
小学生の毎日の持ち物を入れる為に購入しました,目的
０か月の娘に保育園のお昼寝布団用に購入しました,目的
夫が仕事で使う為に購入しました,非目的
ヨーグルトを作りました,目的
書作品の題材をさがすために購入した,目的
トンネルが大好きなので今あるトンネルを延長してあそばせてあげる為に購入しました,目的
主人のお店で使うのに購入,非目的
ダイエットまでは出来ていませんが脚の筋肉を付けるために使用しています,非目的
髪の毛の長い私には少し物足りない感じもしましたがこども用に使用するのに良いです♪フワフワで日本製で０円送料込みは大満足です,非目的
のショルダーバッグに付いていた巾着型のインナーバッグを使っています,非目的
洗えるしガラス部分に挽いた物を残したまま蓋が出来入れ物として使えるしとても便利です,非目的
あまり費用はかけたく無かったので手頃な価格な物を探した,非目的
配送日も要望を伝えたところ快く応じていただけました,非目的
ベビーくつした自分のこどもにあげる為に買いました,目的
有難うございました,非目的
０日に頼んで０日発送予定とメールが来たんですが早めに発送をお願いしたところ注文してから０日くらいで届きました,非目的
父が敷いたことに気づかないくらいフローリングの模様が見事です,非目的
と思った一品です,非目的
値段も安く満足しております,非目的
ありがとうございました,非目的
軟骨ピアスに着けるために買いました,非目的
これはリピしますね,非目的
お気に入りのコミックに掛けるために購入しました,目的
一対持っていると安心,目的
夜水槽を遮光するために買いました,目的
もう少し座高があったほうが座りやすいかも知れません,目的
すぐに駄目になるのでこの価格は助かります,目的
履き心地はいいみたいです,非目的
ワッペンなど小さい物の取り付け用に購入しました,目的
小物を入れるのに便利そうです,非目的
腸の調子を整えるために購入しました,目的
水蒸気の量はハンパなく多くて吸ってる感がすごくあります,非目的
袋もついているので実用的でとても重宝してます,非目的
娘のアーティスト魂をくすぐるスケッチブックです,目的
セーフティ機能も自分で気をつけなければいけませんが今のところ特になくて困ったことはありません,非目的
友人に送るために購入しました,目的
ブラックを買いました,非目的
プラムレッドとブラックを購入しました,非目的
これから保育園に入るのにとてもお得に名前シールが作れて良かったです,目的
もともとセロー０に合うモノはないので加工ベースでいろいろ探していた時にこの商品に辿り着きました,非目的
お安く買えて良かったです,非目的
サブバックとしてこの大きさのかばんは重宝します,目的
幼稚園のレッスンバッグなどを作るために購入しました,目的
ｔｄｌに行く時用に購入しました,非目的
息苦しくないです,非目的
ｈｄｄケースの性能によると思いますがｒｅａｄｒｉｇｈｔともに０ｍｂ／ｓぐらいは出ているので概ね満足です,非目的
ゴミが細かいのと大きなものに分別されて量も一目瞭然結構パワーがある,目的
シートベルトのこすりキズが気になって運転席と助手席用に購入,目的
巾着につけるのに購入しました,目的
うがい用に使用しています,目的
０歳の孫の幼稚園に予備として置いておくために購入しました,非目的
触り心地の良さと秋冬っぽい生地の感じでとても気に入りました,非目的
すぐ届きました,非目的
食器を拭くのにとても使いやすいサイズでリピート,目的
正直安いしどうかなぁと思っていましたが仕立ては悪くないです,非目的
初めてキャンプをするのに買いました,目的
部屋を仕切るのに使わせてもらいます,目的
ポケット数ペットボトル入れも十分でデザインはシンプルですがその分機能性重視ですね,非目的
友達へ手紙を書くために購入しました,目的
アクアに取付致しました,非目的
昔のハイクラウンカードを飾るために購入しました,目的
旅行用スーツケースでは断トツのコストパフォーマンスだと思います,目的
パソコン机の下に置くために購入,目的
参拝と別で自分たちで前撮りもする予定です,目的
★ペアリングｉｐｈｏｎｅ０ｐｌｕｓとの同期ｏｋ,非目的
お弁当を包むのに使っています,目的
お花も綺麗で可愛くて先日恩師にプレゼントしたところとても喜んでくれました,目的
半足分のスペースにブーツを一足置けますので一気に下駄箱に有効スペースが出来ました,非目的
品物も気にいったのですがきちんと包装もされメッセージのシールもついていたのでよかったです,非目的
単独だとちょっと物足りないかもしれませんがコートやストールにつけるにはちょうど良いボリュームです,非目的
中の匂いがいわゆるプールのカバンの匂いですが私はあまり気になりません,非目的
大きさは思っていた以上に大きいですが月曜日に渡すのが楽しみです,非目的
疲れやすい体質なのでスタミナをつける為に購入してみました,目的
左は数年前のやはりグローの付録,非目的
ブーツを作るために買いました,目的
卒園のアルバムを作る為に購入,目的
甘酒を作るために購入しました,目的
０部袖のコートに合わせるために購入,目的
軽くてバンドもしっかり,非目的
そこが残念だったので☆－０に変更します,非目的
早く届いたみたいですが遠方のため乗れるのが０ヶ月先になるので楽しみにしています,非目的
これから生まれる赤ちゃんを世話するために購入しました,非目的
細いネックレスを直すのに買いました,目的
しめ縄リースを作るために購入,目的
カバンを掛けるフックも左右付け直せる,目的
ポケットもついているので駐車券とかしまうのに便利です,目的
０月に出産予定の赤ちゃん用に購入しました,非目的
ホットタオル作る為に買いました,目的
短刀を作るために買いました,目的
コタツを自動でつけるのに購入しました,目的
結婚式出席時ドレスの上に羽織るために購入しました,目的
←らしいカットの悪いキュービックジルコニアだといかにも偽物ー,非目的
０月に生まれた娘の銀行印用に購入,目的
イベントで使用するために購入しました,非目的
フードもあるので練習場に少ない本数で持っていくこともできます,非目的
普通のピアニカでした,目的
子どもの遊ぶスペースを飾るために購入,目的
何と言ってもマイキーがかわいいです,非目的
横浜アリーナ０階席からの使用では十分に表情まで良く見えました,目的
なかなか特殊な形をした道具が多いので専用の入れ物があると重宝しますよ,非目的
家で着物を保管するために購入しました,目的
配送中のトラブルも考慮し梱包の改善を希望します,非目的
鍋を並べるのに良いです,目的
０ヵ月になった孫に読み聞かせる為に購入しました,非目的
便利,目的
ってよく聞くのでａｔｌａｎｔｉｓ０用に購入,非目的
披露宴におよばれしてストールを留めるのに使おうと購入,目的
子どもの大型の本などをしまうために購入しましたがもっと子どもが大きくなったら収納する本のサイズも小さいものが多くなると思うのでそのときは棚板を追加購入するようですね,非目的
中学生になる娘の通学用に購入しましたがデザインも価格も大満足です,非目的
色使えそうなブラックにしました,非目的
落ち着いてお弁当が食べられそうで,目的
せっかくの旅行のデータも見れないです,非目的
大きさもちょうどよく簡単に取り付けられしっかりした作りでマグネット遊びまでできる優れものです,目的
柔らかい灯りで部屋がお洒落になったと大満足しています,目的
使いやすく試合で投げるのに適した素材です,目的
梅酒を作るために購入しました,目的
今月の結婚式に着用するために購入,目的
スーツケースに入りきらない荷物を入れる用に買いました,目的
プラモデルを収納するのに購入,目的
娘の幼稚園のスモックに付けるために購入,目的
家の外壁タイルの汚れ落としをするのに購入,目的
お絵描きが好きではない０歳の娘に自由にお絵描きできる楽しい環境を作るために購入しました,目的
娘の保育所グッズを作るために購入,目的
明るさが無段階調整なので睡眠の妨げにならない明るさに調整できるのは嬉しいです,非目的
ｌｅ装備をやる為に購入させてもらいました,目的
漢字と平仮名と混ぜ合わせてお願い出来るのが良いですね◎,非目的
ベランダに置く為に購入しました,目的
玄関周りのごちゃごちゃが一気に片付き大変満足しております,目的
おにぎり用に購入しました,非目的
ジョギングの途中の水分補給でペットボトルを入れるのに購入,目的
私の実印を作るのに購入しました,目的
スピードは問題なくなかなか便利ですよ,非目的
時計や額をかけるのに買いました,目的
箱などを詰めるのに適していると思われます,非目的
購入して良かったです,非目的
ハンドメイドのピアスを入れるために購入,目的
職場の昼食用スープを入れるために購入しました,目的
スマッジの煙をまくために使用してます,目的
まだ激しく動くことがないので☆とさせていただいてます,非目的
ブラックを購入しました,非目的
表面がツルツルなので拭き掃除もしやすくなりました,目的
リピート購入ししました,非目的
運動を始めるために購入しました,非目的
夫の仕事道具に貼るために買いました,目的
友人にもネイルする事があるので細かい所まで丁寧にしたくてクチコミを見て明るいものを選びました,非目的
着替えなどを包んでコンパクトに持ち運ぶために,目的
リビングのテーブルに置くために買いました,目的
ちょっと小さいですがこれくらいがシンプルでいいと思います,非目的
先月亡くなった愛犬の仏壇に飾るお花用に購入しました,目的
マスキングテープのコレクションを増やす為に購入♪,非目的
レビューがとても良かったのが購入の決めてです,非目的
０人ほど同窓会の画像を送るのに購入しましたが大変安く購入できましたので便利に使えます,非目的
コンパクトでちょうどいいし可愛いです,非目的
トースターと炊飯器とケトルをのせるのに購入しました,目的
光量もちょうどいいです,目的
今まで使ったフライパンで一番使いやすかった,目的
娘の幼稚園リュックにつけるために購入,目的
これからもよろしくお願いします,非目的
産まれてくるくる子供のオムツやおもちゃ小物を収納するために購入,目的
ゴルフをこれから始める為に購入しました,非目的
もう一つはリビングに置いてお客様が来た時にはカバンを普段は子供達のブランケットなどを入れておこうと思います＾＾,非目的
レジンアクセサリーを作るのに購入しました,目的
安静寝たきりで肩や背中が痛く頭痛薬も使えなかったので看護師さんにホットパッドをお願いしていました,目的
トレーニングジムで着るために購入しました,目的
天然石を入れるために購入しました,目的
新車時からのタイヤが磨耗してきたので今回アルミホイールとセットで交換するために購入,目的
これまでもガラスフィルムを使っていましたが劣化してきたので交換用に購入前のものより画面が明るく感じるのでブルーライトカットが何できてるのか逆に心配になっているところですそれくらい使っていて違和感がなくて気泡も入らず気に入っています価格が手頃なのも魅力です,非目的
愛猫の乳歯を入れる為に買った,目的
味噌を作るために購入しました,目的
子供がよろこんでくれたのでよかったです,非目的
家内の母へのプレゼントで購入し使わせてもらったところうたた寝するくらい気持ちが良かったです,非目的
九九式艦爆は０機必要,非目的
ソファ自体が中へたらないので替えカバーを替えたことでまた新品のような雰囲気になりました,目的
もう時間もなかったので別物で代用しましたがとても残念でした,非目的
子供が習い事を辞める時のお礼用に購入しました,非目的
ベビー用品を作るのに購入しました,目的
サラリとして着やすくこれにしてよかったです,目的
釣りの時荷物を運ぶのに使いたいと思います,目的
ごちゃごちゃしたビーチでも目立つ,目的
私はｉｐａｄもペンもイラスト用と割り切っているためフィルムを剥がして描いておりますが画面にキズがついているとは特に感じません,非目的
キャンプで使うハンモックスタンドを作るために購入しました,目的
あまりグラグラせず丈夫です,非目的
一気に見るために購入,目的
バランス,非目的
保冷力はまあまあかな,目的
ｈｄｍｉ関係,目的
幼稚園の靴下にお名前書くために購入,目的
ピザトースト用に買いましたがこれだと物足りないかな,非目的
夏場網戸で寝てる母の部屋の防犯用に購入しました,非目的
友達にアクセサリーを作るために購入,目的
つまり汗が乾きやすいのだと思います,非目的
同じものを上の娘が近所の雑貨屋で購入して使っていたのでものの良さはわかっていたのですがそのお店では取り扱いをやめてしまったとのことでネットで買えるお店を探していました,非目的
腹をへこますために購入しました,非目的
お安く買えて満足です,非目的
使うのが楽しみです,非目的
アイロンでつけるだけで華やかになりました,非目的
発送も丁寧で安心できました,非目的
中０の娘にちょっとコジャレたパーティー用に購入しました,目的
色使えて便利です,非目的
魔女の宅急便のトンボの仮装をする為に購入,目的
朝と夜に飲むようにしてから体調が良くなったと言っています,目的
商品思っていた以上に良かったです,非目的
室内の乾燥具合を知る為に購入,目的
梅酒をつけるのに使おうと思ってます,非目的
教科書をしまったりするのに便利だと思い,目的
ルームウェア用に購入しました,目的
バックにインする小物入れとして使用する事にしました,目的
０ヶ月の娘を乗せるために,目的
男の子なのでブルーにしました,非目的
色なスタイラスペンを使用してますがこちらの製品とｉｐａｄは相性がかなりいいです,非目的
家に飾る用に買いました,目的
自分の部屋に置くために買ったけどなかなかの大きさです,目的
大きさもちょうど良かったです,非目的
とても安価で入手することができて助かりました,非目的
０歳半になる息子の結婚式用に購入しました,非目的
到着も思ったより速かったです,非目的
ガレージで水を保管するのに購入,目的
猫がいるので床を傷つけない為,目的
イヤホンを０本入れるために買ったのですがちょうどいいサイズ感です,目的
お値段は高めですが娘が一目惚れでしたので…（＊＾＾＊）毛足が長くふわふわです,非目的
糖尿対策に満腹感を得るために購入しています,目的
０ｃｍくらいまでぺったんこになりました,目的
くしの部分は通常のものとカール用と０つ入ってます,目的
可愛いしこれからの時期に学校へ履いていくのにいいです,非目的
十数年前に同じ日立のイオンケアを購入し使い倒して今回こちらに切り替えました,非目的
こちらはさっと履けます履き心地がとても良かったです,目的
ネイビーのワンピースを着て結婚式用に購入しました,非目的
ｐｃのｕｓｂ防塵用に挿し込むために購入,目的
まだ使用していませんので★三つで,非目的
夏場頭に巻くのに購入しました,目的
カード定期は０枚までしか入りません,目的
とても参考になる一冊です,目的
試しにようかん用に買ってみましたがレターオープナーとして家族がとても気に入ってしまいまして自分では使えていません,非目的
安心して荷物積めるようになりました,非目的
診察券を取り出す（探す）手間がなくなりました,目的
こちらを面取り用に購入しました,目的
ガラケーを＆＃０；ｔｖに接続すために購入,目的
清掃の仕事で着るために購入しました,目的
どこよりも安くたすかります,非目的
シリーズで揃えるために購入しました,非目的
まだまだ先ですが安かったので離乳食用に購入しました,非目的
子どものオヤツを入れるのに購入しました,目的
プラグが０種ついていて助かりました,非目的
録画機能付きなので防犯対策で高齢になる両親の自宅に取り付けました,目的
音が大きい,目的
簡単で可愛いので使うのが楽しみです（＊＆＃０；＆＃０；＆＃０；＊）,非目的
ちょっとほつれてる部分がありましたが内側だし大丈夫かな,非目的
枕元に置いて休もうとしても鼻につく臭いです…,非目的
両親に書く用に購入,非目的
それとこちらのお店のせいでは全くないですが配送会社がいい加減で困ります,非目的
息子の算数セット用に事前に購入しておきました,目的
今日商品が届きました,非目的
チープに見えません,非目的
筋肉を付けるために,目的
０歳の息子が中耳炎によくなりプールに通うために購入,非目的
灯油のポリ缶を運ぶのに購入しました,目的
坊主頭に散髪するために購入,目的
ベッドサイドに置く用に購入しました,非目的
ケースと化粧箱付きでお得だと思います,目的
来週末で使用するために購入,非目的
多少粘着している部分が見えますがまぁ気にしなければ気にならない程度だと思います,非目的
父が糖尿病になり糖質を控えるために購入しました,非目的
ピンクのソフトカバーもしっかりしていていいです,非目的
シンプルな幹事で息子も気に入ってるようです,非目的
音楽を聴くために購入したのでラジオは使用してないのでわかりません,目的
家族で遊ぶのに購入,目的
しばらくすると泣いてしまうけれどミルクを飲んだ後に寝かせると吐いてしまうので上体を起こして寝かせられるのに使っています,非目的
ブルートゥースが使えない飛行機に乗るとき用に購入しました,目的
娘が全くかぶってくれずわかりません＾＿＾；目新しいものは拒否するタイプなのでこちらの商品のかぶり心地が悪いとかではありませんストライダーを乗る時用に買ったのですが,目的
我が家では野鳥を呼ぶために使っています,目的
みたいなけん玉で頑張っていましたがこちらを購入してやりやすさが全然違うのには家族で感動,非目的
お風呂で使用する為に購入安価で反応も良く満足しています,非目的
ケーキや果物を乗せるのに使うことが多いです,目的
職場で使うために購入,非目的
意外と重くて隣の和室へ移動するのが億劫ですが上の子も一緒に入ってお家ごっこしたり楽しめていて買って良かったです,非目的
母の仏壇に供えるために購入しました,目的
明るかったので私も購入しました,非目的
会社の通帳を整理するために購入しました,目的
シンク周りを拭くのに使用しています,目的
ポーチも可愛く小物を入れるのにとても便利そうです,非目的
入園グッズを作る為に購入,目的
胃の調子が悪い時等,目的
途中で何回か確認と締め増しを行いました,非目的
レビューがよかったので海外旅行用に購入,非目的
ブレスレットを作るために購入,目的
使いやすいと思います,非目的
今は０リットルの小さなゴミ箱で何度も交換することがありましたので,目的
壊れた家電を修理するために,目的
埃っぽくもなく使用して０カ月程経ちますが毛布タイプなので毛玉も無し,非目的
羊毛フェルトで動物の人形を作っています,目的
大きさシンプルなデザイン紙質文字の書き込みやすさ全て◎です,非目的
内側にポケットなどがないのでそういう工夫がほしいです,非目的
リビングで主にテレビ用に使用していますが長さが丁度良く満足しています,非目的
ブルーのストールなのでグレーを購入,非目的
下の壁紙に敗れがあり隠すために購入,目的
タイヤレバー傷を隠すのに使いましたが,目的
難点はバッグそのものがかなり重いということでしょうか,非目的
愛犬のリード・首輪・ハーネスを作るのに購入,目的
ボックスとパネルを接続するために購入,目的
結婚式用に出席する用に購入,目的
カードケースに入れての利用でもなく本当に前画面をプロテクトするために購入したので普通に使うなら十分な品物です,目的
子供のカバンを作るために購入,目的
免許を取るために買いました,目的
座布団カバー用に購入しました,目的
ツムツムをやるために購入,目的
コンタクトなど細したごみを捨てるのにとても便利です,目的
他の作品も購入しようと思います,非目的
鞄を入れるのに使用しよう,目的
実家から両親が来るので０人用に購入しましたが質・量ともに満足できる内容でした,非目的
小０の娘に学校の水泳の授業用に買いました＆＃０；娘は０センチ０キロとやせ形です普段は０サイズの服を着てますレビューに大きめと書いてあったのですが来年も着れるようにマルチドットの０サイズを注文,目的
雨の日に屋根部分に水がたまってしまいますが染み落ちる事はなくちゃんと雨避けになっています,目的
遠出をする際に子供達にタブレットを見せるために買いました,目的
海外旅行に行くために購入しました,非目的
毛糸であまり伸びなさそうですが役立つことに期待します,非目的
猫に薬を飲ませる為,目的
海外旅行に行くために購入しました,目的
安いわりに生地もしっかりしておりよかったのですが商品に付いている紙製のタグなどもなく縫い付けられてるタグがサイズのタグのみで品質表示洗濯表示取扱説明タグがなくびっくりしました,非目的
どこでも行け何をしてても涼しいのでいいです,非目的
兄貴が新車を購入しカロッエリアのナビゲーションを取り付けたので０ｇｂのｓｄカードをプレゼントしました,非目的
バイクに取付けるために購入しました,非目的
防音性に関しては疑問が残りますが傷防止という面では十分ではないでしょうか,非目的
海に行くために購入しました,非目的
サラダオイルからオリーブオイルに変えて炒め物用に使っています,目的
本当はダブルが欲しかったのですが売り切れて無かったのでシングルを０枚購入しました,非目的
ポケットがたくさんあってしっかりしたリュックです,目的
それでも力任せで入れるので袋が破けつつあります,非目的
二段ベットで子ども達が使う用に購入,非目的
思ったよりも大きくてびっくりしましたが色はライトブルーを選んだのでパステルカラーでかわいいです,非目的
ｐｃ試験用の本,目的
このサイズぴったりです,非目的
約０年のタープを補修するのに購入しました,目的
物が届いてだった一回だけ使いました,非目的
コーヒーをまとめて作るのでさめにくくするために購入,目的
学校は黒紺チャックなし指定でネットにてやっとカッコいいラッシュガードを見つけました,非目的
記念写真を撮るのに使用します,目的
これからお出掛けするときに使いたいと思います,非目的
現在小物を入れ使用しています,目的
食欲を抑えるために購入,目的
まだ使ってませんが使うのが楽しみです,非目的
黒木目のパネルを張ったら純正のプラスチックでは暗く陳腐に見えてしまったため明るくするために購入,非目的
スマホリングをつけるのに使っていました,目的
週末に食べ過ぎてしまっても飲む前と比べて体重が一度に増えたりすることがなくなった,目的
安いわりには良いと思いますが卓上コンロ代わりの用途で使おうと思って買ったのですが今まで使っていたものに比べて高さもあり軽くて安定が悪いので危ないと感じます,非目的
木を沢山使った新居のリビング用に購入です,非目的
初めてゴルフをするのに購入しました,目的
欲を言えばもう少しサイズが小さければいいなぁ,非目的
ちびちゃんがいるのでバーベキュー用に購入,非目的
娘も何度か座らせているうちにイスに乗せるときのみ足をピンと伸ばしてくれるようになりました,目的
息子の体育館履きを入れるために購入しました,目的
子供のオムツやおもちゃお菓子などを入れるのに使用する,目的
財布小鍵スマホハンドタオルウエットティッシュを入れるとパンパんになって,目的
ただ静電が弱いのか極薄フィルムを貼らないと普通のフィルムでも反応はよくないです,非目的
子供たちと公園に行く時にボールやスコップなど入れる為に購入しました,目的
とても可愛くてお気に入りです,非目的
私の父は高血圧や高コレステロールの問題を抱えているし常に薬を服用するために使用する,非目的
おにぎらず用に購入しています,目的
我が家では洗面所のコップを伏せておくのに使っています,目的
耳も痛くならずとても良かったです,目的
スマホを固定する為に購入,目的
レビューをみて心配することがありましたが美品が届き私は畳むことはできませんでしたが旦那さんはすぐできました,非目的
足の悪い父が玄関で靴をはきやすくするために購入しました,目的
ただ音がちょっと大きいかなという点で★０にしました,非目的
友人の結婚式に参加するために購入,目的
友達に勧められてジムでの水分補給用に購入しました,目的
母が最近普通のブラが嫌になってきたそうなので０枚ほどあげたら楽でいいと言っていました,目的
子供のぬいぐるみを入れるのに購入しました,目的
お店は悪くないのですがバッテリーランプしか付かないのでオルタが悪いのかメーカーに問い合わせましたが現在まだ返答無です,非目的
よろしくお願いします,非目的
きゅうりに肥料として使用するのに購入を決めました,目的
バッグの方にキーケースタオルハンカチ携帯リップなどが入るので貴重品のみを持ち歩くのに便利,非目的
コーヒー大好きで毎日０杯飲んでいるので今の電動ミルが壊れたらコーヒー豆用にもこちらを購入したいです,非目的
他の方が書かれていたように雑誌やカラーで見たいものには不向きです,非目的
鍾乳洞に入るために購入し使ってみました,目的
愛犬のリード・首輪・ハーネスを作るのに購入,目的
お客様にお出しする用に購入,目的
スタイもかわいく名前入りで良かったです,非目的
０歳の息子がベビーカーに乗るのは嫌がりますが,目的
パソコン作業が多くドライアイがひどいためブルーライトカットメガネを家用と職場用に購入しました,目的
高さは高いかと思うけど出てくる風の位置が良いです,非目的
つめ放題は冬物を一気に片付けるのに便利です,非目的
小出しにしたいお料理用に購入しました,目的
イタリア旅行に行くために購入しました,目的
子供達とプールに行く為に購入しました,非目的
大粒のサプリを割る,目的
０年生の家庭科で使うために購入しました,非目的
カードをまとめるのに購入,目的
大きくなっても使えそうで良いです,非目的
小物を作る為に購入しました,目的
ガッカリ．．．．．,非目的
ペットを洗うのに購入しました,目的
このお値段でひととおり必要なものがそろい満足です,非目的
子供の細かい荷物を分別するのに,目的
作りもしっかりしてます,非目的
強いケーブルが欲しく値段も手頃で助かりました,非目的
足さばきも良くなりました,非目的
注文した色と違う色が届きました,非目的
クリスマスリースを玄関に飾る為に購入しました,目的
サックス購入,非目的
集会場パイプ椅子を収納するのに良いと思い購入しました,目的
０歳の娘とお風呂で遊ぶ用に購入しました,目的
引っ越し後に書斎で使用するため,目的
早速使用してみましたが問題無く使用できました,非目的
動き回る子供の髪を乾かすのに良いです,目的
０つ目のやかんなので小さくて収納しやすいものでかわいいものを探していました,非目的
デコロールの絵を描くために購入しました,目的
子供が学校で使用する為に購入しました,非目的
ただボタンは押しづらかったです（＾＾；,非目的
切れるので長さを調整できるのがいいです,非目的
正規販売店なので安心して使用することができます,非目的
子供達と公園に行ったりプールへ遊びに行く時に使う為に購入しました,非目的
お友達に秋口に着るオールインワンを作ってもらうために購入しました,目的
又スイッチが手元にないので少し不便です,非目的
子供が庭でプールをする時の日除け用に購入しました,目的
大人０人が横になっても余裕でした,目的
リビングのカーペットを固定するために購入,目的
おままごとが好きなので,目的
ｌｅｄの不良や極性を確認するのに便利です,目的
ふたが密閉できるので匂いが気になりません,非目的
バッグの中を整理するのに便利です,目的
ボンベを締めるのに購入,目的
うちのスケボーインコのケージに貼るために購入しました,目的
息子のサックスの練習で私がピアノを弾くために購入しました,非目的
レギュラーサイズ並のカラー展開があると嬉しいです,非目的
ほとんどは一色の石のブレスレットですがこの商品は濃淡様な翡翠による物なのでとても気に入りました,非目的
０つ買いました,非目的
背負いやすくてかなり重宝,目的
このお布団にしてから柔らかくて気持ち良さそうに寝ています,目的
キャリーバーに通せるベルトがあるのでキャリーの上に乗せても落ちることがないです,非目的
商品説明にある通り薄くて軽くて縫いやすかったです,非目的
シルバーの金具がシンプルで使いやすいと思います,非目的
夫がスマホと小銭を入れて持ち歩きましたが使い勝手良かったです,非目的
でもブカブカでもなくてすっきり着れます,非目的
産後用に使用するために購入しました,非目的
ラメの部分がブロンズ銅のような色でとても素敵です,非目的
ベビープールの屋根に穴が開いてしまい水が入ってしまったため処分したので忘れないうちに来年用に購入,目的
グズも出ないですしふわふわです,非目的
とても使いやすいです,非目的
それだけではもったいないので自転車でも使わせたらくるまくるまと喜んで使ってます,非目的
あまり余計な紙幣も持たないので札入れスペースも十分でした,目的
洗い替えが必要になればまた購入したいと思います,非目的
足下を暖めるのに最適です,目的
私好みの味に調節して使ってます,非目的
汚れた愛車を洗車するのに使用,目的
水弾きは最高,目的
和室の白い壁に飾るために購入,目的
カセットガス一本でマンションだと弱火なら夕方から夜中まで持ちました,目的
趣味の日曜大工で使うために購入しました,非目的
お風呂に一緒に入れるようになってからはほぼおもちゃとして使っています,非目的
小０の娘の部屋に敷くために買いました,非目的
リボンがとてもかわいいです,非目的
充電用とｄｖｄ用に分割用に購入しました,非目的
結婚式に参列するために,目的
あまり綺麗に撮れず活躍はしませんでした,目的
ｎｈｋのキャラクター大集合とのことで楽しみだった,目的
コンパクトに収納出来るのが良いと思います,非目的
安定感を出すために購入しました,目的
鼻のスポンジも取れやすいです,非目的
お風呂で体温を測るので防水で洗えるのがとても良いです,非目的
一時的に使用するために買いましたがとにかく安くて助かりました,非目的
ｉｐｈｏｎｅで使用するのに購入しました,目的
普通のお砂糖より断然黒糖の方が色もコクよく出ます,目的
結構上の階なので風のきつい日はロープで固定しています,非目的
ドライヤーの風はさほど強いと言う訳ではありません,目的
パラブーツのシャンボードマロンに合わせるために買いました,目的
猫に薬を飲ます為に,目的
弦楽器を拭くのに購入,目的
手縫いでお弁当袋,目的
車の内装に貼るために購入しました,非目的
美味しいです,非目的
カルシウム不足を補うために購入しました,目的
薬を飲ませるために購入しました,目的
０ヶ月になる娘の普段着用に購入しました,非目的
仕事用にメールをやり取りする為に購入,目的
別に買った手袋のブルーの色とかなり近く私もとても気に入りました,非目的
パーツ交換の参考にするために購入しました,非目的
レビュー遅くなりすみません…週末の子供のスポーツクラブに付き添う用に購入,非目的
このお値段で送料込みはお得です,非目的
書類に使用する認印用に購入,目的
モニターに使うために購入したが使用０分ですごい発熱と不安定でモニターの画像がぶれたりすることになり使用をやめました,非目的
ゴムボートで海釣りするために購入,目的
弔文の見本などもありすぐにお送りでき助かりました,非目的
ダブルサイズで来客用に購入しました畳めば結構小さく置き場所に困りません試しに子供と寝てみました,目的
波板がこの前の台風で一分破損した為波板を付け足す為に購入しました,目的
特に黒は和食に合いそうで白を洋食用に使いわけたいと思います,非目的
スピーカー？とｉｐｏｄを繋いで使うのに買いました,目的
約０年間長命草取った後,非目的
であればショップオリジナルで別紙を書き添えるとかフォローとかしないのかな,非目的
サイト自体は見た目や剛性もしっかりしていてルビーコートでドットも見やすかったです,非目的
木材で床を作ったら湿気でカビてしまい床が抜けたので樹脂なら腐る心配はないと色探したらこちらがお安く中国製という事で若干不安はあったものの注文,目的
資格試験を勉強するために,目的
がんばりシールに使うために購入しました,非目的
ほぼ母乳なので少ないミルクを溶かすのに便利です,目的
幼稚園の夏祭りで使用するのに購入しました,非目的
０皿購入しました♪渋めなこの器はウチの食器に無いので食卓を楽しむのにいい味をだしてくれると思い見て即ポチです♪購入は０月ですが使い出したのは０月下旬,非目的
保育園の物を作るために購入しました,非目的
小銭をメインに入れるために買ったのですがたっぷり入ります,目的
下着を作るのに購入しました,目的
まだ大きいですが本人は可愛くてきにいっていました,非目的
スリッパなので気にせずゆったり履こうと思います,目的
子どもの保育園で使う為に購入しました,目的
０センチでボリュームもフワフワ感もちょうど良い感じです,非目的
以前からマウスケースが欲しかったのでベーシックマスク大を購入と一緒にこちらの商品も購入,非目的
大きさもクリスマスのチキンを焼くのにとても使いやすかったです,非目的
厚手なので座っていても快適でした,目的
ガーゼなのに耳がしっかりしていてへなへなではなく扱いやすかった,目的
